name,id,season,end_n,end_rate
pitcher_reverse,20700,2020,665,0.160902
pitcher_reverse,20700,2021,958,0.187891
pitcher_reverse,20938,2020,637,0.196232
pitcher_reverse,21095,2020,262,0.0534351
pitcher_reverse,21170,2022,19,0.210526
pitcher_reverse,21178,2020,164,0.103659
pitcher_reverse,21279,2020,584,0.172945
pitcher_reverse,21279,2021,801,0.158552
pitcher_reverse,21372,2020,1082,0.218115
pitcher_reverse,21372,2021,1432,0.232542
pitcher_reverse,21372,2022,1997,0.181272
pitcher_reverse,21372,2023,2737,0.214834
pitcher_reverse,21372,2024,3951,0.234624
pitcher_reverse,21372,2025,4454,0.236192
pitcher_reverse,21402,2020,935,0.204278
pitcher_reverse,21402,2021,1715,0.201749
pitcher_reverse,21402,2022,2525,0.217822
pitcher_reverse,21402,2023,3303,0.217984
pitcher_reverse,21402,2024,4036,0.217294
pitcher_reverse,21402,2025,4731,0.217924
pitcher_reverse,21414,2020,1052,0.16635
pitcher_reverse,21414,2021,1805,0.183934
pitcher_reverse,21414,2022,2362,0.202371
pitcher_reverse,21414,2023,2411,0.20282
pitcher_reverse,21415,2020,129,0.20155
pitcher_reverse,21415,2021,245,0.212245
pitcher_reverse,21432,2020,965,0.126425
pitcher_reverse,21432,2021,1948,0.13655
pitcher_reverse,21432,2022,2568,0.154984
pitcher_reverse,21432,2023,3366,0.150327
pitcher_reverse,21432,2024,3626,0.151682
pitcher_reverse,21432,2025,3740,0.152139
pitcher_reverse,21441,2021,2137,0.18671
pitcher_reverse,21441,2022,3186,0.204331
pitcher_reverse,21441,2023,4457,0.208885
pitcher_reverse,21441,2024,5853,0.210661
pitcher_reverse,21441,2025,7207,0.206882
pitcher_reverse,21549,2020,2339,0.0867892
pitcher_reverse,21549,2021,2670,0.0910112
pitcher_reverse,21558,2020,796,0.21608
pitcher_reverse,21558,2021,1088,0.231618
pitcher_reverse,21558,2022,1455,0.230241
pitcher_reverse,21571,2021,70,0.114286
pitcher_reverse,21587,2020,136,0.132353
pitcher_reverse,21587,2021,149,0.127517
pitcher_reverse,21588,2020,100,0.17
pitcher_reverse,21595,2020,367,0.313351
pitcher_reverse,21622,2020,59,0.20339
pitcher_reverse,21622,2021,408,0.115196
pitcher_reverse,21622,2022,908,0.153084
pitcher_reverse,21622,2023,1389,0.151908
pitcher_reverse,21622,2024,2118,0.183192
pitcher_reverse,21624,2020,23,0.217391
pitcher_reverse,21654,2020,330,0.193939
pitcher_reverse,21654,2021,1102,0.232305
pitcher_reverse,21654,2022,1360,0.221324
pitcher_reverse,21690,2020,731,0.209302
pitcher_reverse,21690,2021,1466,0.210095
pitcher_reverse,21690,2022,2155,0.225058
pitcher_reverse,21690,2023,3074,0.243006
pitcher_reverse,21690,2024,4179,0.225652
pitcher_reverse,21690,2025,5330,0.224015
pitcher_reverse,21699,2020,410,0.187805
pitcher_reverse,21699,2021,817,0.203182
pitcher_reverse,21699,2022,1007,0.230387
pitcher_reverse,21733,2020,321,0.190031
pitcher_reverse,21754,2020,1012,0.26087
pitcher_reverse,21754,2021,1142,0.241681
pitcher_reverse,21789,2020,1009,0.177403
pitcher_reverse,21789,2021,1915,0.1953
pitcher_reverse,21789,2022,2974,0.211163
pitcher_reverse,21789,2023,3222,0.209808
pitcher_reverse,21789,2024,4127,0.211534
pitcher_reverse,21789,2025,5313,0.206851
pitcher_reverse,21795,2020,2795,0.244365
pitcher_reverse,21795,2021,3954,0.237734
pitcher_reverse,21795,2022,4479,0.236437
pitcher_reverse,21795,2023,4511,0.234759
pitcher_reverse,21813,2020,1098,0.181239
pitcher_reverse,21813,2021,1653,0.189958
pitcher_reverse,21813,2022,2099,0.208671
pitcher_reverse,21813,2024,2399,0.219675
pitcher_reverse,21813,2025,3084,0.230869
pitcher_reverse,21830,2020,498,0.0763052
pitcher_reverse,21830,2021,992,0.103831
pitcher_reverse,21840,2020,379,0.205805
pitcher_reverse,21840,2021,1334,0.189655
pitcher_reverse,21840,2022,1601,0.185509
pitcher_reverse,21857,2020,21,0.0952381
pitcher_reverse,21874,2020,634,0.107256
pitcher_reverse,21874,2021,1215,0.13251
pitcher_reverse,21875,2020,80,0.3
pitcher_reverse,21875,2021,863,0.192352
pitcher_reverse,21875,2022,1226,0.202284
pitcher_reverse,21875,2023,1386,0.2114
pitcher_reverse,21916,2020,2542,0.171518
pitcher_reverse,21916,2021,3589,0.167735
pitcher_reverse,21916,2022,6135,0.192502
pitcher_reverse,21916,2023,8210,0.209379
pitcher_reverse,21916,2024,9799,0.208082
pitcher_reverse,21916,2025,11087,0.205105
pitcher_reverse,21936,2020,2185,0.170709
pitcher_reverse,21936,2021,4619,0.205456
pitcher_reverse,21936,2022,6045,0.220844
pitcher_reverse,21936,2023,7227,0.230248
pitcher_reverse,21936,2024,7867,0.234778
pitcher_reverse,21936,2025,8550,0.235322
pitcher_reverse,21940,2020,2349,0.165177
pitcher_reverse,21940,2021,2816,0.154119
pitcher_reverse,21940,2022,3426,0.173964
pitcher_reverse,21940,2023,4378,0.19027
pitcher_reverse,21940,2024,5320,0.203008
pitcher_reverse,21940,2025,6362,0.20481
pitcher_reverse,21943,2020,9,0.111111
pitcher_reverse,21943,2021,607,0.261944
pitcher_reverse,21943,2022,1445,0.289273
pitcher_reverse,21943,2023,1889,0.271572
pitcher_reverse,21943,2024,2401,0.279883
pitcher_reverse,21943,2025,3170,0.277918
pitcher_reverse,21955,2020,2907,0.135535
pitcher_reverse,21955,2023,5541,0.18336
pitcher_reverse,21955,2024,8339,0.200024
pitcher_reverse,21955,2025,11114,0.204697
pitcher_reverse,21961,2020,2698,0.12046
pitcher_reverse,21961,2021,5648,0.140227
pitcher_reverse,21961,2023,8504,0.165569
pitcher_reverse,21961,2024,11255,0.183741
pitcher_reverse,21961,2025,13875,0.18818
pitcher_reverse,21978,2020,300,0.2
pitcher_reverse,21978,2021,757,0.178336
pitcher_reverse,21991,2020,164,0.20122
pitcher_reverse,21991,2021,928,0.283405
pitcher_reverse,21991,2022,1172,0.277304
pitcher_reverse,21991,2023,1547,0.271493
pitcher_reverse,21991,2024,1807,0.274488
pitcher_reverse,21991,2025,1875,0.2752
pitcher_reverse,21994,2020,1021,0.179236
pitcher_reverse,21994,2021,1581,0.194181
pitcher_reverse,21994,2022,2345,0.197441
pitcher_reverse,21994,2023,2574,0.198135
pitcher_reverse,21994,2025,2991,0.199933
pitcher_reverse,21998,2020,212,0.169811
pitcher_reverse,21998,2021,1969,0.235653
pitcher_reverse,21998,2022,3827,0.260779
pitcher_reverse,21998,2023,5249,0.255477
pitcher_reverse,21998,2024,6310,0.257528
pitcher_reverse,21998,2025,6687,0.256767
pitcher_reverse,22007,2020,129,0.147287
pitcher_reverse,22007,2021,493,0.115619
pitcher_reverse,22015,2020,92,0.23913
pitcher_reverse,22015,2021,1055,0.274882
pitcher_reverse,22015,2022,1669,0.295986
pitcher_reverse,22015,2023,2086,0.308245
pitcher_reverse,22028,2020,252,0.234127
pitcher_reverse,22028,2021,944,0.240466
pitcher_reverse,22028,2022,1663,0.256164
pitcher_reverse,22028,2023,2168,0.263376
pitcher_reverse,22028,2024,2994,0.274549
pitcher_reverse,22028,2025,4025,0.275776
pitcher_reverse,22029,2020,128,0.164062
pitcher_reverse,22094,2020,913,0.24644
pitcher_reverse,22094,2021,1703,0.295948
pitcher_reverse,22094,2022,2228,0.277828
pitcher_reverse,22094,2023,3109,0.307816
pitcher_reverse,22094,2024,3923,0.298751
pitcher_reverse,22094,2025,4655,0.308056
pitcher_reverse,22099,2020,385,0.231169
pitcher_reverse,22099,2021,509,0.222004
pitcher_reverse,22099,2022,571,0.210158
pitcher_reverse,22110,2020,461,0.0911063
pitcher_reverse,22110,2021,1134,0.108466
pitcher_reverse,22118,2020,1103,0.255666
pitcher_reverse,22118,2021,2239,0.287628
pitcher_reverse,22118,2022,3251,0.308213
pitcher_reverse,22118,2023,3459,0.305291
pitcher_reverse,22118,2024,3507,0.304534
pitcher_reverse,22123,2020,880,0.123864
pitcher_reverse,22123,2021,1510,0.127815
pitcher_reverse,22131,2020,2583,0.0696864
pitcher_reverse,22131,2021,4956,0.072841
pitcher_reverse,22131,2022,6206,0.0836287
pitcher_reverse,22136,2020,421,0.254157
pitcher_reverse,22136,2021,525,0.274286
pitcher_reverse,22136,2022,833,0.2509
pitcher_reverse,22143,2020,923,0.188516
pitcher_reverse,22143,2021,1302,0.183564
pitcher_reverse,22143,2022,1637,0.204643
pitcher_reverse,22143,2023,2002,0.225275
pitcher_reverse,22154,2020,1058,0.183365
pitcher_reverse,22154,2021,1620,0.208642
pitcher_reverse,22154,2022,2144,0.228078
pitcher_reverse,22154,2023,2438,0.227646
pitcher_reverse,22156,2020,171,0.0818713
pitcher_reverse,22163,2020,1912,0.0978033
pitcher_reverse,22163,2021,2911,0.122982
pitcher_reverse,22163,2022,3425,0.133723
pitcher_reverse,22163,2023,5542,0.158246
pitcher_reverse,22163,2024,6803,0.167867
pitcher_reverse,22163,2025,7453,0.174561
pitcher_reverse,22180,2020,200,0.18
pitcher_reverse,22180,2021,775,0.206452
pitcher_reverse,22180,2022,1097,0.229717
pitcher_reverse,22192,2020,2527,0.259596
pitcher_reverse,22192,2021,5388,0.271344
pitcher_reverse,22192,2022,6255,0.27514
pitcher_reverse,22192,2023,7151,0.284016
pitcher_reverse,22192,2024,8868,0.291949
pitcher_reverse,22192,2025,9595,0.292965
pitcher_reverse,22201,2020,872,0.228211
pitcher_reverse,22201,2021,1546,0.236093
pitcher_reverse,22201,2022,1769,0.231769
pitcher_reverse,22201,2023,2144,0.243004
pitcher_reverse,22203,2020,25,0.12
pitcher_reverse,22205,2020,18,0.111111
pitcher_reverse,22205,2021,314,0.16242
pitcher_reverse,22205,2022,494,0.147773
pitcher_reverse,22205,2023,1186,0.177909
pitcher_reverse,22205,2024,1673,0.202032
pitcher_reverse,22205,2025,2477,0.217198
pitcher_reverse,22220,2020,568,0.27993
pitcher_reverse,22231,2020,1112,0.116906
pitcher_reverse,22231,2021,2070,0.141063
pitcher_reverse,22231,2022,3732,0.175241
pitcher_reverse,22231,2023,5525,0.175566
pitcher_reverse,22231,2024,7085,0.191531
pitcher_reverse,22231,2025,7276,0.192826
pitcher_reverse,22233,2020,292,0.222603
pitcher_reverse,22233,2021,321,0.23676
pitcher_reverse,22234,2020,860,0.194186
pitcher_reverse,22234,2021,1341,0.170768
pitcher_reverse,22249,2020,2156,0.209647
pitcher_reverse,22249,2021,3734,0.209159
pitcher_reverse,22249,2022,5306,0.227855
pitcher_reverse,22249,2023,6921,0.247074
pitcher_reverse,22249,2024,8063,0.250527
pitcher_reverse,22249,2025,9877,0.251291
pitcher_reverse,22250,2021,177,0.163842
pitcher_reverse,22253,2020,1073,0.203169
pitcher_reverse,22253,2021,1330,0.211278
pitcher_reverse,22253,2022,1730,0.220231
pitcher_reverse,22253,2023,2506,0.235834
pitcher_reverse,22253,2024,2982,0.241449
pitcher_reverse,22253,2025,3006,0.240852
pitcher_reverse,22254,2020,557,0.127469
pitcher_reverse,22254,2021,1481,0.161377
pitcher_reverse,22254,2022,1874,0.168623
pitcher_reverse,22254,2023,2768,0.17341
pitcher_reverse,22254,2024,3845,0.178153
pitcher_reverse,22254,2025,4952,0.178312
pitcher_reverse,22261,2021,315,0.155556
pitcher_reverse,22261,2022,654,0.139144
pitcher_reverse,22261,2023,1014,0.174556
pitcher_reverse,22261,2024,1045,0.174163
pitcher_reverse,22277,2020,1659,0.203134
pitcher_reverse,22277,2021,4260,0.239202
pitcher_reverse,22277,2022,6230,0.241894
pitcher_reverse,22277,2023,8059,0.241593
pitcher_reverse,22277,2024,10517,0.230769
pitcher_reverse,22277,2025,12742,0.224925
pitcher_reverse,22278,2020,1647,0.306011
pitcher_reverse,22278,2021,2699,0.265283
pitcher_reverse,22278,2022,3915,0.240102
pitcher_reverse,22278,2023,4852,0.235573
pitcher_reverse,22278,2024,5651,0.238188
pitcher_reverse,22278,2025,6479,0.245254
pitcher_reverse,22280,2021,516,0.234496
pitcher_reverse,22280,2022,772,0.244819
pitcher_reverse,22280,2023,934,0.234475
pitcher_reverse,22280,2024,1096,0.222628
pitcher_reverse,22292,2022,403,0.270471
pitcher_reverse,22292,2023,1818,0.285479
pitcher_reverse,22292,2024,2776,0.280259
pitcher_reverse,22292,2025,3997,0.272955
pitcher_reverse,22293,2020,1536,0.139974
pitcher_reverse,22293,2021,2746,0.158776
pitcher_reverse,22293,2022,4018,0.196864
pitcher_reverse,22293,2023,5027,0.211259
pitcher_reverse,22293,2024,6119,0.211472
pitcher_reverse,22293,2025,7180,0.209331
pitcher_reverse,22302,2020,436,0.272936
pitcher_reverse,22302,2021,940,0.189362
pitcher_reverse,22302,2022,1846,0.26598
pitcher_reverse,22302,2023,2618,0.284186
pitcher_reverse,22302,2024,3076,0.291287
pitcher_reverse,22302,2025,3541,0.293138
pitcher_reverse,22305,2023,41,0.219512
pitcher_reverse,22309,2020,1017,0.119961
pitcher_reverse,22309,2021,1106,0.117541
pitcher_reverse,22311,2020,696,0.25431
pitcher_reverse,22311,2021,1115,0.257399
pitcher_reverse,22311,2022,1341,0.284116
pitcher_reverse,22312,2020,41,0.0731707
pitcher_reverse,22312,2021,453,0.253863
pitcher_reverse,22312,2022,1506,0.296149
pitcher_reverse,22312,2023,1664,0.311298
pitcher_reverse,22312,2024,1785,0.312045
pitcher_reverse,22312,2025,1800,0.313333
pitcher_reverse,22318,2020,986,0.204868
pitcher_reverse,22318,2021,2332,0.217839
pitcher_reverse,22318,2022,3184,0.240264
pitcher_reverse,22318,2023,3253,0.237012
pitcher_reverse,22318,2024,4336,0.237315
pitcher_reverse,22318,2025,4865,0.240493
pitcher_reverse,22321,2020,286,0.136364
pitcher_reverse,22332,2022,27,0.296296
pitcher_reverse,22335,2020,764,0.246073
pitcher_reverse,22335,2021,1079,0.245598
pitcher_reverse,22345,2022,22,0.0909091
pitcher_reverse,22349,2020,46,0.0869565
pitcher_reverse,22368,2020,524,0.124046
pitcher_reverse,22368,2021,1247,0.211708
pitcher_reverse,22368,2022,2071,0.233704
pitcher_reverse,22368,2023,2667,0.244094
pitcher_reverse,22368,2024,3098,0.25113
pitcher_reverse,22368,2025,3368,0.255938
pitcher_reverse,22372,2020,14,0.0
pitcher_reverse,22380,2020,844,0.254739
pitcher_reverse,22380,2021,3068,0.206975
pitcher_reverse,22380,2022,5590,0.244544
pitcher_reverse,22380,2023,7673,0.246579
pitcher_reverse,22380,2024,8921,0.24773
pitcher_reverse,22380,2025,9787,0.247471
pitcher_reverse,22389,2020,894,0.170022
pitcher_reverse,22389,2021,3154,0.195625
pitcher_reverse,22389,2022,4554,0.197189
pitcher_reverse,22389,2023,5892,0.208418
pitcher_reverse,22389,2024,7819,0.22343
pitcher_reverse,22389,2025,9140,0.228556
pitcher_reverse,22397,2020,1076,0.153346
pitcher_reverse,22397,2021,2115,0.174468
pitcher_reverse,22397,2022,3215,0.196579
pitcher_reverse,22397,2023,3909,0.206447
pitcher_reverse,22397,2024,5070,0.20927
pitcher_reverse,22397,2025,5940,0.21633
pitcher_reverse,22404,2020,254,0.149606
pitcher_reverse,22404,2021,669,0.186846
pitcher_reverse,22404,2022,1389,0.214543
pitcher_reverse,22404,2023,1429,0.209237
pitcher_reverse,22404,2024,1478,0.207037
pitcher_reverse,22414,2021,443,0.133183
pitcher_reverse,22414,2022,457,0.129103
pitcher_reverse,22414,2023,474,0.124473
pitcher_reverse,22419,2020,1893,0.218172
pitcher_reverse,22419,2021,2859,0.210563
pitcher_reverse,22419,2022,3887,0.226138
pitcher_reverse,22419,2023,4634,0.219896
pitcher_reverse,22419,2024,5718,0.222805
pitcher_reverse,22419,2025,6854,0.221331
pitcher_reverse,22427,2020,1034,0.160542
pitcher_reverse,22427,2021,1727,0.1685
pitcher_reverse,22427,2022,2526,0.177356
pitcher_reverse,22427,2023,2987,0.17777
pitcher_reverse,22427,2024,3356,0.18385
pitcher_reverse,22428,2020,15,0.0
pitcher_reverse,22428,2021,109,0.330275
pitcher_reverse,22428,2022,144,0.270833
pitcher_reverse,22428,2024,335,0.301493
pitcher_reverse,22435,2020,2184,0.122253
pitcher_reverse,22435,2021,4522,0.154799
pitcher_reverse,22435,2022,5380,0.154089
pitcher_reverse,22435,2023,5883,0.156043
pitcher_reverse,22435,2024,7676,0.165842
pitcher_reverse,22435,2025,8732,0.167201
pitcher_reverse,22458,2020,1464,0.200137
pitcher_reverse,22469,2020,1712,0.221379
pitcher_reverse,22469,2022,3142,0.211967
pitcher_reverse,22469,2023,4747,0.189383
pitcher_reverse,22469,2024,5186,0.20806
pitcher_reverse,22469,2025,5863,0.220365
pitcher_reverse,22473,2020,97,0.14433
pitcher_reverse,22473,2021,638,0.167712
pitcher_reverse,22478,2020,811,0.208385
pitcher_reverse,22478,2021,1461,0.229979
pitcher_reverse,22478,2022,2145,0.211189
pitcher_reverse,22478,2023,2264,0.204505
pitcher_reverse,22478,2024,2298,0.206266
pitcher_reverse,22487,2020,1134,0.228395
pitcher_reverse,22491,2020,1025,0.198049
pitcher_reverse,22491,2021,1796,0.194321
pitcher_reverse,22491,2022,1999,0.195598
pitcher_reverse,22491,2023,2231,0.2026
pitcher_reverse,22505,2020,219,0.146119
pitcher_reverse,22505,2021,1054,0.218216
pitcher_reverse,22505,2022,1156,0.202422
pitcher_reverse,22508,2020,709,0.22567
pitcher_reverse,22508,2021,1664,0.198918
pitcher_reverse,22508,2022,2420,0.231405
pitcher_reverse,22508,2025,3084,0.247406
pitcher_reverse,22524,2020,239,0.196653
pitcher_reverse,22525,2020,981,0.258919
pitcher_reverse,22525,2021,1953,0.218638
pitcher_reverse,22525,2022,2375,0.228211
pitcher_reverse,22525,2023,2829,0.224461
pitcher_reverse,22525,2024,3739,0.231078
pitcher_reverse,22525,2025,3988,0.231194
pitcher_reverse,22539,2020,79,0.0886076
pitcher_reverse,22539,2021,185,0.232432
pitcher_reverse,22540,2020,722,0.134349
pitcher_reverse,22540,2021,1691,0.178001
pitcher_reverse,22540,2022,2616,0.197248
pitcher_reverse,22540,2023,3439,0.205292
pitcher_reverse,22540,2025,3521,0.204771
pitcher_reverse,22541,2020,146,0.239726
pitcher_reverse,22541,2021,225,0.24
pitcher_reverse,22541,2022,602,0.257475
pitcher_reverse,22541,2023,794,0.240554
pitcher_reverse,22541,2024,968,0.261364
pitcher_reverse,22541,2025,1064,0.272556
pitcher_reverse,22547,2020,705,0.26383
pitcher_reverse,22547,2021,1666,0.233493
pitcher_reverse,22547,2022,2552,0.24373
pitcher_reverse,22547,2023,3248,0.251539
pitcher_reverse,22547,2024,3854,0.260509
pitcher_reverse,22547,2025,4325,0.260347
pitcher_reverse,22548,2020,247,0.210526
pitcher_reverse,22551,2020,91,0.230769
pitcher_reverse,22575,2020,66,0.106061
pitcher_reverse,22575,2021,947,0.19641
pitcher_reverse,22575,2022,2238,0.246649
pitcher_reverse,22575,2023,3512,0.240604
pitcher_reverse,22575,2024,4353,0.250402
pitcher_reverse,22575,2025,4648,0.254303
pitcher_reverse,22579,2020,54,0.111111
pitcher_reverse,22579,2021,102,0.117647
pitcher_reverse,22579,2022,144,0.0972222
pitcher_reverse,22583,2021,796,0.267588
pitcher_reverse,22583,2022,1467,0.283572
pitcher_reverse,22583,2023,1678,0.281883
pitcher_reverse,22592,2020,960,0.229167
pitcher_reverse,22592,2021,1827,0.238095
pitcher_reverse,22592,2022,2731,0.254486
pitcher_reverse,22592,2023,3688,0.265727
pitcher_reverse,22592,2024,4010,0.266085
pitcher_reverse,22592,2025,4068,0.265733
pitcher_reverse,22595,2020,87,0.390805
pitcher_reverse,22595,2021,763,0.252949
pitcher_reverse,22595,2022,1115,0.255605
pitcher_reverse,22595,2023,1184,0.250845
pitcher_reverse,22595,2024,1447,0.264686
pitcher_reverse,22596,2020,622,0.0868167
pitcher_reverse,22596,2021,855,0.0994152
pitcher_reverse,22596,2022,1372,0.129738
pitcher_reverse,22596,2023,1575,0.129524
pitcher_reverse,22597,2020,220,0.318182
pitcher_reverse,22597,2023,238,0.294118
pitcher_reverse,22597,2024,255,0.286275
pitcher_reverse,22598,2020,926,0.196544
pitcher_reverse,22598,2021,1416,0.199153
pitcher_reverse,22598,2022,1584,0.191919
pitcher_reverse,22598,2023,2248,0.199733
pitcher_reverse,22598,2024,2777,0.210299
pitcher_reverse,22598,2025,3151,0.214535
pitcher_reverse,22615,2022,514,0.274319
pitcher_reverse,22617,2020,116,0.146552
pitcher_reverse,22617,2021,848,0.244104
pitcher_reverse,22617,2022,1508,0.25
pitcher_reverse,22617,2023,1937,0.254517
pitcher_reverse,22617,2024,2777,0.261073
pitcher_reverse,22617,2025,3758,0.265035
pitcher_reverse,22621,2020,79,0.21519
pitcher_reverse,22621,2021,359,0.200557
pitcher_reverse,22621,2022,830,0.23253
pitcher_reverse,22621,2023,1401,0.261956
pitcher_reverse,22621,2024,1728,0.269676
pitcher_reverse,22621,2025,2144,0.259328
pitcher_reverse,22622,2021,244,0.327869
pitcher_reverse,22622,2022,522,0.362069
pitcher_reverse,22624,2020,1004,0.2251
pitcher_reverse,22624,2021,1867,0.232458
pitcher_reverse,22624,2022,3174,0.23661
pitcher_reverse,22624,2023,4083,0.227774
pitcher_reverse,22624,2024,4971,0.233353
pitcher_reverse,22624,2025,6260,0.226997
pitcher_reverse,22640,2020,468,0.220085
pitcher_reverse,22651,2023,691,0.274964
pitcher_reverse,22651,2024,1624,0.262315
pitcher_reverse,22651,2025,4216,0.257116
pitcher_reverse,22666,2020,146,0.123288
pitcher_reverse,22666,2021,688,0.226744
pitcher_reverse,22666,2022,1019,0.248283
pitcher_reverse,22666,2023,1118,0.239714
pitcher_reverse,22667,2020,7,0.142857
pitcher_reverse,22667,2021,116,0.310345
pitcher_reverse,22667,2022,481,0.372141
pitcher_reverse,22667,2023,1467,0.327198
pitcher_reverse,22667,2024,1605,0.319626
pitcher_reverse,22667,2025,2461,0.317351
pitcher_reverse,22668,2020,319,0.131661
pitcher_reverse,22668,2021,1000,0.175
pitcher_reverse,22668,2022,1984,0.231855
pitcher_reverse,22668,2023,4011,0.239092
pitcher_reverse,22668,2024,4647,0.23499
pitcher_reverse,22668,2025,5289,0.233503
pitcher_reverse,22675,2020,835,0.217964
pitcher_reverse,22675,2021,1643,0.231893
pitcher_reverse,22675,2022,2364,0.252115
pitcher_reverse,22675,2023,2793,0.249194
pitcher_reverse,22675,2024,3027,0.253056
pitcher_reverse,22675,2025,3416,0.25966
pitcher_reverse,22703,2020,2932,0.171896
pitcher_reverse,22708,2020,1170,0.217949
pitcher_reverse,22708,2021,3630,0.24022
pitcher_reverse,22708,2022,6296,0.251112
pitcher_reverse,22708,2023,9048,0.25431
pitcher_reverse,22708,2024,10015,0.256615
pitcher_reverse,22708,2025,10201,0.255367
pitcher_reverse,22710,2021,96,0.229167
pitcher_reverse,22710,2022,1021,0.215475
pitcher_reverse,22710,2023,1973,0.209326
pitcher_reverse,22710,2024,2885,0.209012
pitcher_reverse,22710,2025,3959,0.204597
pitcher_reverse,22717,2020,480,0.235417
pitcher_reverse,22717,2021,950,0.290526
pitcher_reverse,22717,2022,2227,0.295465
pitcher_reverse,22717,2023,3261,0.286722
pitcher_reverse,22717,2024,3278,0.28676
pitcher_reverse,22717,2025,3440,0.286047
pitcher_reverse,22720,2022,2407,0.282094
pitcher_reverse,22720,2023,5024,0.316083
pitcher_reverse,22720,2024,7477,0.315233
pitcher_reverse,22720,2025,9086,0.311798
pitcher_reverse,22721,2022,743,0.204576
pitcher_reverse,22721,2023,1439,0.231411
pitcher_reverse,22721,2024,2240,0.240625
pitcher_reverse,22722,2021,30,0.266667
pitcher_reverse,22722,2022,108,0.138889
pitcher_reverse,22729,2020,1333,0.23856
pitcher_reverse,22729,2021,3059,0.224583
pitcher_reverse,22729,2022,3983,0.230731
pitcher_reverse,22729,2023,5196,0.239607
pitcher_reverse,22729,2024,5423,0.239167
pitcher_reverse,22729,2025,6773,0.233427
pitcher_reverse,22730,2020,671,0.210134
pitcher_reverse,22730,2022,1582,0.244627
pitcher_reverse,22730,2023,3905,0.247375
pitcher_reverse,22730,2024,5695,0.251975
pitcher_reverse,22730,2025,8484,0.255776
pitcher_reverse,22731,2021,160,0.20625
pitcher_reverse,22731,2022,662,0.225076
pitcher_reverse,22731,2023,746,0.214477
pitcher_reverse,22734,2020,921,0.230185
pitcher_reverse,22734,2022,960,0.220833
pitcher_reverse,22734,2023,1091,0.212649
pitcher_reverse,22734,2024,1270,0.234646
pitcher_reverse,22735,2020,1111,0.185419
pitcher_reverse,22735,2021,2206,0.205802
pitcher_reverse,22735,2022,3338,0.224386
pitcher_reverse,22735,2023,4486,0.232724
pitcher_reverse,22735,2024,5745,0.228721
pitcher_reverse,22735,2025,6577,0.229892
pitcher_reverse,22738,2020,651,0.184332
pitcher_reverse,22738,2021,1625,0.214769
pitcher_reverse,22738,2022,2668,0.244003
pitcher_reverse,22738,2023,3737,0.242976
pitcher_reverse,22738,2024,4906,0.240114
pitcher_reverse,22738,2025,6044,0.243878
pitcher_reverse,22739,2022,7,0.0
pitcher_reverse,22741,2020,1053,0.131054
pitcher_reverse,22741,2021,2197,0.146563
pitcher_reverse,22741,2022,2930,0.153584
pitcher_reverse,22741,2023,3684,0.162866
pitcher_reverse,22741,2024,4398,0.168258
pitcher_reverse,22741,2025,5317,0.168704
pitcher_reverse,22742,2020,152,0.157895
pitcher_reverse,22742,2023,206,0.179612
pitcher_reverse,22743,2020,693,0.183261
pitcher_reverse,22743,2021,1711,0.19287
pitcher_reverse,22743,2022,2799,0.203644
pitcher_reverse,22743,2023,3819,0.216287
pitcher_reverse,22743,2024,4824,0.231551
pitcher_reverse,22743,2025,5916,0.244591
pitcher_reverse,22759,2020,995,0.18995
pitcher_reverse,22759,2021,3523,0.21459
pitcher_reverse,22759,2022,6132,0.240215
pitcher_reverse,22759,2023,8731,0.236628
pitcher_reverse,22759,2024,11361,0.239504
pitcher_reverse,22759,2025,14287,0.236019
pitcher_reverse,22761,2020,148,0.0743243
pitcher_reverse,22761,2021,741,0.176788
pitcher_reverse,22761,2022,1388,0.213256
pitcher_reverse,22761,2023,1737,0.218192
pitcher_reverse,22761,2024,2387,0.218266
pitcher_reverse,22761,2025,2927,0.221387
pitcher_reverse,22763,2021,3,0.0
pitcher_reverse,22763,2022,23,0.0
pitcher_reverse,22772,2020,1177,0.17672
pitcher_reverse,22772,2021,1843,0.204558
pitcher_reverse,22772,2022,2592,0.219136
pitcher_reverse,22772,2023,3182,0.22973
pitcher_reverse,22772,2024,3662,0.235937
pitcher_reverse,22772,2025,3689,0.235836
pitcher_reverse,22776,2020,265,0.14717
pitcher_reverse,22776,2021,579,0.16753
pitcher_reverse,22782,2020,1975,0.184304
pitcher_reverse,22782,2021,3179,0.189682
pitcher_reverse,22782,2022,4532,0.208517
pitcher_reverse,22782,2023,5669,0.214147
pitcher_reverse,22782,2024,6766,0.218593
pitcher_reverse,22782,2025,7508,0.221231
pitcher_reverse,22784,2020,29,0.37931
pitcher_reverse,22784,2021,230,0.282609
pitcher_reverse,22785,2021,68,0.147059
pitcher_reverse,22785,2022,825,0.232727
pitcher_reverse,22785,2023,866,0.224018
pitcher_reverse,22785,2024,956,0.232218
pitcher_reverse,22786,2020,40,0.075
pitcher_reverse,22795,2020,206,0.237864
pitcher_reverse,22795,2022,698,0.10745
pitcher_reverse,22795,2023,1074,0.075419
pitcher_reverse,22795,2024,1129,0.0876882
pitcher_reverse,22810,2020,792,0.122475
pitcher_reverse,22810,2021,806,0.121588
pitcher_reverse,22815,2020,182,0.153846
pitcher_reverse,22815,2021,297,0.16835
pitcher_reverse,22820,2020,1374,0.219068
pitcher_reverse,22820,2021,2027,0.235816
pitcher_reverse,22820,2022,2265,0.233996
pitcher_reverse,22820,2024,3018,0.25613
pitcher_reverse,22820,2025,3917,0.267807
pitcher_reverse,22821,2022,187,0.176471
pitcher_reverse,22834,2020,2645,0.225331
pitcher_reverse,22834,2021,4880,0.222541
pitcher_reverse,22834,2022,6341,0.240971
pitcher_reverse,22834,2023,8179,0.256022
pitcher_reverse,22834,2024,8918,0.260933
pitcher_reverse,22834,2025,10197,0.261351
pitcher_reverse,22836,2020,74,0.0405405
pitcher_reverse,22836,2021,128,0.101562
pitcher_reverse,22840,2020,32,0.03125
pitcher_reverse,22840,2021,735,0.223129
pitcher_reverse,22840,2022,1677,0.188432
pitcher_reverse,22840,2023,2278,0.158472
pitcher_reverse,22840,2024,2666,0.169542
pitcher_reverse,22840,2025,2794,0.174302
pitcher_reverse,22842,2020,18,0.111111
pitcher_reverse,22851,2020,196,0.112245
pitcher_reverse,22851,2021,958,0.206681
pitcher_reverse,22851,2022,1072,0.209888
pitcher_reverse,22867,2021,241,0.240664
pitcher_reverse,22867,2022,372,0.236559
pitcher_reverse,22867,2023,970,0.238144
pitcher_reverse,22867,2024,1467,0.272665
pitcher_reverse,22867,2025,1951,0.272168
pitcher_reverse,22869,2020,59,0.423729
pitcher_reverse,22869,2023,294,0.309524
pitcher_reverse,22870,2021,90,0.0888889
pitcher_reverse,22870,2022,157,0.127389
pitcher_reverse,22870,2023,239,0.0962343
pitcher_reverse,22870,2024,293,0.109215
pitcher_reverse,22881,2020,70,0.157143
pitcher_reverse,22881,2021,354,0.129944
pitcher_reverse,22890,2020,2446,0.192968
pitcher_reverse,22890,2021,4180,0.230622
pitcher_reverse,22890,2022,6603,0.247918
pitcher_reverse,22890,2023,8427,0.257387
pitcher_reverse,22890,2024,10779,0.263939
pitcher_reverse,22890,2025,12938,0.274386
pitcher_reverse,22893,2022,8,0.25
pitcher_reverse,22899,2021,347,0.198847
pitcher_reverse,22899,2022,915,0.227322
pitcher_reverse,22899,2023,1717,0.242283
pitcher_reverse,22899,2024,2099,0.248213
pitcher_reverse,22899,2025,3196,0.239362
pitcher_reverse,22901,2023,31,0.0
pitcher_reverse,22901,2024,170,0.211765
pitcher_reverse,22901,2025,697,0.235294
pitcher_reverse,22904,2022,103,0.281553
pitcher_reverse,22904,2023,179,0.189944
pitcher_reverse,22904,2024,237,0.206751
pitcher_reverse,22905,2020,637,0.189953
pitcher_reverse,22905,2021,1439,0.19319
pitcher_reverse,22905,2022,1770,0.19661
pitcher_reverse,22905,2025,1865,0.196247
pitcher_reverse,22908,2020,2201,0.121763
pitcher_reverse,22908,2021,4565,0.15816
pitcher_reverse,22908,2022,7001,0.163691
pitcher_reverse,22908,2023,8825,0.168725
pitcher_reverse,22908,2024,11156,0.181158
pitcher_reverse,22911,2020,868,0.144009
pitcher_reverse,22915,2020,162,0.111111
pitcher_reverse,22922,2020,151,0.344371
pitcher_reverse,22922,2021,902,0.327051
pitcher_reverse,22922,2022,1393,0.340273
pitcher_reverse,22922,2023,1588,0.352645
pitcher_reverse,22922,2024,1651,0.360388
pitcher_reverse,22923,2020,185,0.254054
pitcher_reverse,22923,2021,298,0.197987
pitcher_reverse,22925,2020,348,0.212644
pitcher_reverse,22925,2021,548,0.211679
pitcher_reverse,22925,2022,1315,0.234981
pitcher_reverse,22925,2023,1466,0.223056
pitcher_reverse,22925,2024,1791,0.228364
pitcher_reverse,22926,2020,160,0.1625
pitcher_reverse,22926,2021,284,0.235915
pitcher_reverse,22926,2022,446,0.237668
pitcher_reverse,22932,2021,292,0.205479
pitcher_reverse,22932,2022,694,0.214697
pitcher_reverse,22932,2023,956,0.215481
pitcher_reverse,22933,2020,62,0.0967742
pitcher_reverse,22933,2021,376,0.234043
pitcher_reverse,22933,2022,579,0.286701
pitcher_reverse,22933,2023,807,0.291202
pitcher_reverse,22933,2024,818,0.287286
pitcher_reverse,22960,2021,97,0.185567
pitcher_reverse,22960,2022,176,0.142045
pitcher_reverse,22964,2020,268,0.160448
pitcher_reverse,22964,2022,366,0.136612
pitcher_reverse,22964,2023,899,0.233593
pitcher_reverse,22964,2024,1144,0.251748
pitcher_reverse,22978,2020,630,0.174603
pitcher_reverse,22985,2023,21,0.0
pitcher_reverse,22996,2020,939,0.151225
pitcher_reverse,22996,2021,1846,0.173889
pitcher_reverse,22996,2022,2663,0.194517
pitcher_reverse,22996,2023,3007,0.199534
pitcher_reverse,22996,2024,3773,0.209913
pitcher_reverse,22996,2025,3777,0.209955
pitcher_reverse,23003,2020,50,0.14
pitcher_reverse,23005,2020,303,0.273927
pitcher_reverse,23005,2023,463,0.24838
pitcher_reverse,23005,2024,790,0.296203
pitcher_reverse,23005,2025,1138,0.304042
pitcher_reverse,23023,2020,218,0.142202
pitcher_reverse,23024,2020,35,0.257143
pitcher_reverse,23024,2022,54,0.185185
pitcher_reverse,23024,2023,317,0.236593
pitcher_reverse,23030,2020,802,0.246883
pitcher_reverse,23030,2023,1478,0.274696
pitcher_reverse,23030,2024,1652,0.277845
pitcher_reverse,23035,2020,1779,0.252389
pitcher_reverse,23035,2021,3157,0.236617
pitcher_reverse,23035,2023,4913,0.251374
pitcher_reverse,23035,2024,5758,0.257728
pitcher_reverse,23041,2020,16,0.0
pitcher_reverse,23043,2021,54,0.0555556
pitcher_reverse,23043,2022,861,0.204413
pitcher_reverse,23043,2023,1758,0.243458
pitcher_reverse,23043,2024,2841,0.258008
pitcher_reverse,23043,2025,3601,0.257151
pitcher_reverse,23047,2020,1027,0.23369
pitcher_reverse,23047,2021,1844,0.241866
pitcher_reverse,23047,2022,1902,0.23817
pitcher_reverse,23047,2024,1943,0.236747
pitcher_reverse,23047,2025,2331,0.234663
pitcher_reverse,23053,2020,11,0.0909091
pitcher_reverse,23053,2023,429,0.0815851
pitcher_reverse,23054,2020,171,0.163743
pitcher_reverse,23054,2022,364,0.252747
pitcher_reverse,23054,2023,434,0.258065
pitcher_reverse,23054,2024,467,0.256959
pitcher_reverse,23054,2025,492,0.25
pitcher_reverse,23082,2020,11,0.181818
pitcher_reverse,23082,2021,243,0.115226
pitcher_reverse,23090,2020,934,0.186296
pitcher_reverse,23091,2020,30,0.166667
pitcher_reverse,23092,2021,954,0.264151
pitcher_reverse,23092,2022,1627,0.243393
pitcher_reverse,23092,2023,2259,0.249668
pitcher_reverse,23092,2024,2294,0.251526
pitcher_reverse,23092,2025,3063,0.2651
pitcher_reverse,23094,2020,251,0.306773
pitcher_reverse,23094,2021,1279,0.233776
pitcher_reverse,23094,2022,1323,0.230537
pitcher_reverse,23094,2023,1338,0.227952
pitcher_reverse,23094,2024,1412,0.233711
pitcher_reverse,23097,2022,142,0.352113
pitcher_reverse,23097,2023,194,0.371134
pitcher_reverse,23097,2024,241,0.394191
pitcher_reverse,23101,2020,38,0.105263
pitcher_reverse,23101,2021,322,0.189441
pitcher_reverse,23101,2022,856,0.276869
pitcher_reverse,23101,2023,1303,0.231005
pitcher_reverse,23101,2024,1411,0.238129
pitcher_reverse,23105,2021,2240,0.225
pitcher_reverse,23105,2022,2646,0.218065
pitcher_reverse,23105,2023,2858,0.210287
pitcher_reverse,23105,2024,3605,0.216644
pitcher_reverse,23105,2025,4122,0.218583
pitcher_reverse,23107,2020,35,0.0857143
pitcher_reverse,23110,2020,683,0.20937
pitcher_reverse,23110,2021,1172,0.21587
pitcher_reverse,23110,2022,1253,0.211492
pitcher_reverse,23112,2020,437,0.155606
pitcher_reverse,23112,2021,1869,0.160514
pitcher_reverse,23112,2022,3054,0.181074
pitcher_reverse,23112,2023,3112,0.178021
pitcher_reverse,23112,2024,3754,0.190464
pitcher_reverse,23112,2025,4390,0.193166
pitcher_reverse,23115,2020,41,0.170732
pitcher_reverse,23115,2022,91,0.197802
pitcher_reverse,23116,2022,9,0.0
pitcher_reverse,23117,2020,38,0.184211
pitcher_reverse,23122,2020,169,0.171598
pitcher_reverse,23122,2021,343,0.186589
pitcher_reverse,23122,2022,462,0.166667
pitcher_reverse,23137,2020,106,0.122642
pitcher_reverse,23137,2021,777,0.187902
pitcher_reverse,23137,2022,1013,0.187562
pitcher_reverse,23139,2020,44,0.113636
pitcher_reverse,23139,2021,195,0.158974
pitcher_reverse,23139,2022,271,0.140221
pitcher_reverse,23145,2020,86,0.0232558
pitcher_reverse,23145,2021,139,0.100719
pitcher_reverse,23145,2022,320,0.103125
pitcher_reverse,23145,2025,550,0.181818
pitcher_reverse,23148,2021,17,0.117647
pitcher_reverse,23150,2020,220,0.222727
pitcher_reverse,23150,2021,253,0.205534
pitcher_reverse,23151,2020,231,0.121212
pitcher_reverse,23151,2023,310,0.13871
pitcher_reverse,23151,2024,524,0.204198
pitcher_reverse,23154,2020,60,0.0333333
pitcher_reverse,23154,2021,272,0.194853
pitcher_reverse,23154,2023,565,0.20531
pitcher_reverse,23154,2024,724,0.220994
pitcher_reverse,23157,2020,39,0.128205
pitcher_reverse,23157,2021,52,0.173077
pitcher_reverse,23157,2024,344,0.276163
pitcher_reverse,23157,2025,516,0.255814
pitcher_reverse,23158,2020,125,0.192
pitcher_reverse,23158,2023,181,0.160221
pitcher_reverse,23158,2024,191,0.17801
pitcher_reverse,23158,2025,356,0.25
pitcher_reverse,23175,2020,213,0.14554
pitcher_reverse,23175,2021,297,0.13468
pitcher_reverse,23177,2022,102,0.127451
pitcher_reverse,23177,2024,349,0.25788
pitcher_reverse,23182,2021,194,0.21134
pitcher_reverse,23182,2022,213,0.197183
pitcher_reverse,23182,2023,271,0.162362
pitcher_reverse,23190,2020,121,0.140496
pitcher_reverse,23190,2021,182,0.148352
pitcher_reverse,23190,2022,472,0.230932
pitcher_reverse,23190,2023,1025,0.275122
pitcher_reverse,23190,2024,1759,0.292211
pitcher_reverse,23190,2025,1981,0.28319
pitcher_reverse,23194,2020,25,0.28
pitcher_reverse,23194,2023,50,0.14
pitcher_reverse,23204,2020,277,0.176895
pitcher_reverse,23204,2021,632,0.262658
pitcher_reverse,23204,2022,1250,0.2712
pitcher_reverse,23206,2020,1532,0.255875
pitcher_reverse,23206,2021,2720,0.237132
pitcher_reverse,23206,2023,2787,0.232149
pitcher_reverse,23206,2024,3985,0.246424
pitcher_reverse,23206,2025,4863,0.250463
pitcher_reverse,23225,2020,1125,0.228444
pitcher_reverse,23225,2021,1855,0.251752
pitcher_reverse,23225,2022,2777,0.268995
pitcher_reverse,23225,2023,3747,0.269549
pitcher_reverse,23225,2024,4613,0.266421
pitcher_reverse,23229,2022,1202,0.153078
pitcher_reverse,23229,2023,1443,0.16632
pitcher_reverse,23229,2024,2642,0.211582
pitcher_reverse,23229,2025,5174,0.23966
pitcher_reverse,23231,2020,796,0.111809
pitcher_reverse,23231,2021,1552,0.126289
pitcher_reverse,23231,2022,2307,0.131773
pitcher_reverse,23231,2023,2830,0.120848
pitcher_reverse,23231,2024,3398,0.141554
pitcher_reverse,23231,2025,3863,0.163345
pitcher_reverse,23232,2021,329,0.167173
pitcher_reverse,23232,2022,565,0.182301
pitcher_reverse,23232,2023,826,0.144068
pitcher_reverse,23232,2024,1260,0.219841
pitcher_reverse,23232,2025,1275,0.221176
pitcher_reverse,23235,2021,328,0.143293
pitcher_reverse,23235,2022,1420,0.166197
pitcher_reverse,23235,2023,2694,0.167038
pitcher_reverse,23235,2024,4139,0.179029
pitcher_reverse,23235,2025,4831,0.181743
pitcher_reverse,23236,2021,226,0.172566
pitcher_reverse,23236,2022,330,0.139394
pitcher_reverse,23238,2020,842,0.26247
pitcher_reverse,23238,2021,2072,0.239382
pitcher_reverse,23238,2022,2417,0.242863
pitcher_reverse,23238,2023,2626,0.252856
pitcher_reverse,23238,2024,3549,0.256692
pitcher_reverse,23238,2025,4376,0.257541
pitcher_reverse,23240,2021,110,0.145455
pitcher_reverse,23240,2022,162,0.17284
pitcher_reverse,23257,2021,203,0.231527
pitcher_reverse,23257,2022,309,0.226537
pitcher_reverse,23257,2023,1070,0.273832
pitcher_reverse,23257,2024,1399,0.287348
pitcher_reverse,23257,2025,1451,0.286699
pitcher_reverse,23258,2020,56,0.214286
pitcher_reverse,23258,2021,104,0.259615
pitcher_reverse,23258,2022,269,0.371747
pitcher_reverse,23258,2023,312,0.333333
pitcher_reverse,23258,2024,649,0.29584
pitcher_reverse,23258,2025,853,0.288394
pitcher_reverse,23260,2020,79,0.151899
pitcher_reverse,23260,2021,328,0.256098
pitcher_reverse,23260,2022,566,0.265018
pitcher_reverse,23260,2025,670,0.297015
pitcher_reverse,23262,2021,20,0.35
pitcher_reverse,23267,2020,44,0.0909091
pitcher_reverse,23284,2020,238,0.180672
pitcher_reverse,23284,2021,706,0.208215
pitcher_reverse,23284,2023,718,0.204735
pitcher_reverse,23284,2024,861,0.226481
pitcher_reverse,23284,2025,1242,0.236715
pitcher_reverse,23286,2022,53,0.0943396
pitcher_reverse,23286,2023,162,0.0740741
pitcher_reverse,23286,2024,248,0.157258
pitcher_reverse,23288,2020,202,0.153465
pitcher_reverse,23288,2021,1242,0.173108
pitcher_reverse,23288,2022,2312,0.192907
pitcher_reverse,23288,2023,3355,0.212817
pitcher_reverse,23288,2024,4317,0.211026
pitcher_reverse,23288,2025,4741,0.208184
pitcher_reverse,23289,2020,523,0.219885
pitcher_reverse,23289,2021,1218,0.197865
pitcher_reverse,23289,2023,1713,0.197898
pitcher_reverse,23289,2024,1747,0.200343
pitcher_reverse,23293,2020,381,0.186352
pitcher_reverse,23293,2021,765,0.227451
pitcher_reverse,23293,2022,2026,0.253702
pitcher_reverse,23293,2023,2057,0.250365
pitcher_reverse,23294,2020,78,0.166667
pitcher_reverse,23294,2023,462,0.248918
pitcher_reverse,23294,2024,481,0.247401
pitcher_reverse,23294,2025,648,0.280864
pitcher_reverse,23302,2020,317,0.208202
pitcher_reverse,23302,2023,412,0.184466
pitcher_reverse,23302,2025,476,0.197479
pitcher_reverse,23305,2023,83,0.180723
pitcher_reverse,23306,2020,1142,0.126095
pitcher_reverse,23306,2021,2973,0.159435
pitcher_reverse,23306,2022,4041,0.187577
pitcher_reverse,23306,2023,4888,0.195376
pitcher_reverse,23306,2024,5227,0.19935
pitcher_reverse,23306,2025,6216,0.206564
pitcher_reverse,23307,2020,1978,0.218908
pitcher_reverse,23307,2021,3919,0.239857
pitcher_reverse,23307,2022,4774,0.259321
pitcher_reverse,23307,2023,5594,0.270647
pitcher_reverse,23307,2024,5690,0.27188
pitcher_reverse,23312,2020,820,0.191463
pitcher_reverse,23312,2021,1306,0.221286
pitcher_reverse,23312,2022,2221,0.242233
pitcher_reverse,23312,2025,2956,0.235115
pitcher_reverse,23314,2020,328,0.189024
pitcher_reverse,23314,2021,734,0.23842
pitcher_reverse,23314,2022,817,0.233782
pitcher_reverse,23314,2024,895,0.255866
pitcher_reverse,23324,2022,65,0.0615385
pitcher_reverse,23331,2021,125,0.272
pitcher_reverse,23331,2022,273,0.164835
pitcher_reverse,23331,2023,365,0.150685
pitcher_reverse,23331,2024,408,0.171569
pitcher_reverse,23332,2020,617,0.205835
pitcher_reverse,23334,2020,513,0.169591
pitcher_reverse,23334,2021,1462,0.181943
pitcher_reverse,23334,2022,1771,0.200452
pitcher_reverse,23336,2021,222,0.162162
pitcher_reverse,23336,2022,448,0.212054
pitcher_reverse,23336,2023,588,0.164966
pitcher_reverse,23342,2020,12,0.0
pitcher_reverse,23342,2021,239,0.217573
pitcher_reverse,23342,2022,324,0.194444
pitcher_reverse,23343,2020,20,0.65
pitcher_reverse,23343,2022,80,0.3
pitcher_reverse,23343,2025,209,0.287081
pitcher_reverse,23347,2022,860,0.236047
pitcher_reverse,23347,2023,2821,0.196384
pitcher_reverse,23347,2024,5029,0.199244
pitcher_reverse,23347,2025,6520,0.207209
pitcher_reverse,23348,2023,3,0.333333
pitcher_reverse,23349,2022,16,0.0625
pitcher_reverse,23352,2021,15,0.266667
pitcher_reverse,23360,2020,13,0.230769
pitcher_reverse,23360,2021,33,0.121212
pitcher_reverse,23360,2023,214,0.205607
pitcher_reverse,23361,2020,313,0.233227
pitcher_reverse,23361,2024,425,0.214118
pitcher_reverse,23362,2020,325,0.16
pitcher_reverse,23362,2021,931,0.186896
pitcher_reverse,23363,2020,1203,0.169576
pitcher_reverse,23363,2021,1984,0.191532
pitcher_reverse,23363,2022,2907,0.21775
pitcher_reverse,23363,2024,3239,0.225687
pitcher_reverse,23363,2025,3923,0.233495
pitcher_reverse,23366,2022,39,0.358974
pitcher_reverse,23366,2023,182,0.28022
pitcher_reverse,23366,2024,209,0.277512
pitcher_reverse,23369,2020,8,0.375
pitcher_reverse,23369,2022,437,0.26087
pitcher_reverse,23369,2023,1152,0.277778
pitcher_reverse,23369,2024,1374,0.279476
pitcher_reverse,23369,2025,1842,0.266015
pitcher_reverse,23383,2020,236,0.216102
pitcher_reverse,23383,2021,275,0.210909
pitcher_reverse,23383,2022,564,0.210993
pitcher_reverse,23383,2023,718,0.18663
pitcher_reverse,23383,2025,732,0.188525
pitcher_reverse,23384,2020,158,0.253165
pitcher_reverse,23385,2020,176,0.159091
pitcher_reverse,23385,2021,673,0.236256
pitcher_reverse,23385,2022,740,0.227027
pitcher_reverse,23411,2020,2520,0.160714
pitcher_reverse,23411,2021,4363,0.176255
pitcher_reverse,23411,2022,5305,0.179453
pitcher_reverse,23414,2020,998,0.173347
pitcher_reverse,23414,2021,1979,0.202628
pitcher_reverse,23414,2023,2196,0.214481
pitcher_reverse,23414,2024,3299,0.23492
pitcher_reverse,23414,2025,4433,0.242951
pitcher_reverse,23415,2020,2981,0.123449
pitcher_reverse,23418,2022,673,0.164933
pitcher_reverse,23418,2023,1386,0.134921
pitcher_reverse,23418,2024,2114,0.166509
pitcher_reverse,23418,2025,2946,0.186694
pitcher_reverse,23421,2020,569,0.147627
pitcher_reverse,23421,2023,2196,0.0842441
pitcher_reverse,23421,2024,3141,0.140401
pitcher_reverse,23421,2025,4463,0.171633
pitcher_reverse,23422,2020,2745,0.246266
pitcher_reverse,23422,2021,5075,0.266798
pitcher_reverse,23423,2020,327,0.2263
pitcher_reverse,23423,2023,511,0.166341
pitcher_reverse,23424,2020,28,0.0714286
pitcher_reverse,23424,2023,747,0.0548862
pitcher_reverse,23424,2024,1253,0.146848
pitcher_reverse,23424,2025,2828,0.236917
pitcher_reverse,23426,2020,586,0.133106
pitcher_reverse,23426,2021,1288,0.186335
pitcher_reverse,23426,2022,1949,0.180605
pitcher_reverse,23426,2023,2437,0.155519
pitcher_reverse,23426,2024,2924,0.177155
pitcher_reverse,23426,2025,3570,0.192157
pitcher_reverse,23428,2020,130,0.138462
pitcher_reverse,23428,2023,475,0.0631579
pitcher_reverse,23428,2024,487,0.0698152
pitcher_reverse,23429,2020,649,0.134052
pitcher_reverse,23429,2023,990,0.0909091
pitcher_reverse,23429,2024,1504,0.161569
pitcher_reverse,23429,2025,2234,0.203223
pitcher_reverse,23431,2020,38,0.263158
pitcher_reverse,23437,2020,472,0.230932
pitcher_reverse,23437,2021,859,0.259604
pitcher_reverse,23437,2022,1791,0.268007
pitcher_reverse,23437,2023,2631,0.258837
pitcher_reverse,23437,2024,3486,0.267929
pitcher_reverse,23437,2025,4831,0.271579
pitcher_reverse,23439,2020,571,0.168126
pitcher_reverse,23439,2021,1479,0.186613
pitcher_reverse,23439,2022,2366,0.190617
pitcher_reverse,23439,2023,3071,0.182677
pitcher_reverse,23439,2024,4032,0.190228
pitcher_reverse,23439,2025,4274,0.197239
pitcher_reverse,23440,2020,1481,0.168805
pitcher_reverse,23440,2021,2095,0.189976
pitcher_reverse,23440,2022,3962,0.213276
pitcher_reverse,23440,2023,6965,0.231299
pitcher_reverse,23440,2024,9307,0.237778
pitcher_reverse,23444,2022,21,0.0
pitcher_reverse,23446,2020,95,0.105263
pitcher_reverse,23446,2021,122,0.0983607
pitcher_reverse,23447,2020,62,0.193548
pitcher_reverse,23449,2020,12,0.0
pitcher_reverse,23449,2021,28,0.0714286
pitcher_reverse,23455,2020,825,0.219394
pitcher_reverse,23455,2022,1049,0.265014
pitcher_reverse,23455,2023,1138,0.269772
pitcher_reverse,23455,2024,1533,0.288324
pitcher_reverse,23458,2020,143,0.146853
pitcher_reverse,23458,2021,794,0.220403
pitcher_reverse,23458,2022,1845,0.265583
pitcher_reverse,23458,2023,1879,0.262374
pitcher_reverse,23459,2022,801,0.238452
pitcher_reverse,23459,2023,1688,0.23282
pitcher_reverse,23459,2024,2249,0.231214
pitcher_reverse,23459,2025,2341,0.232379
pitcher_reverse,23461,2022,180,0.244444
pitcher_reverse,23461,2023,262,0.175573
pitcher_reverse,23461,2024,341,0.219941
pitcher_reverse,23462,2020,160,0.20625
pitcher_reverse,23462,2022,298,0.130872
pitcher_reverse,23462,2023,920,0.229348
pitcher_reverse,23462,2024,1166,0.218696
pitcher_reverse,23462,2025,1745,0.228653
pitcher_reverse,23475,2020,64,0.171875
pitcher_reverse,23475,2023,180,0.194444
pitcher_reverse,23475,2024,726,0.268595
pitcher_reverse,23475,2025,1205,0.273859
pitcher_reverse,23476,2020,13,0.307692
pitcher_reverse,23478,2020,2328,0.221649
pitcher_reverse,23478,2021,3100,0.224516
pitcher_reverse,23478,2022,3142,0.223425
pitcher_reverse,23478,2023,3247,0.228519
pitcher_reverse,23478,2024,3820,0.243194
pitcher_reverse,23478,2025,5025,0.243184
pitcher_reverse,23479,2024,73,0.178082
pitcher_reverse,23479,2025,140,0.2
pitcher_reverse,23484,2022,46,0.0652174
pitcher_reverse,23484,2023,236,0.190678
pitcher_reverse,23484,2024,403,0.265509
pitcher_reverse,23484,2025,1474,0.315468
pitcher_reverse,23485,2023,44,0.0681818
pitcher_reverse,23487,2025,247,0.319838
pitcher_reverse,23488,2023,29,0.0344828
pitcher_reverse,23488,2024,56,0.142857
pitcher_reverse,23488,2025,107,0.233645
pitcher_reverse,23491,2020,84,0.190476
pitcher_reverse,23496,2020,920,0.165217
pitcher_reverse,23496,2021,1836,0.201525
pitcher_reverse,23496,2022,2268,0.210317
pitcher_reverse,23496,2023,2678,0.215459
pitcher_reverse,23496,2024,2703,0.215316
pitcher_reverse,23497,2020,108,0.157407
pitcher_reverse,23497,2021,125,0.192
pitcher_reverse,23498,2020,671,0.222057
pitcher_reverse,23498,2021,695,0.225899
pitcher_reverse,23498,2022,996,0.237952
pitcher_reverse,23499,2020,236,0.148305
pitcher_reverse,23499,2021,304,0.174342
pitcher_reverse,23499,2022,363,0.15427
pitcher_reverse,23500,2020,166,0.0542169
pitcher_reverse,23500,2022,1157,0.175454
pitcher_reverse,23500,2023,1511,0.179351
pitcher_reverse,23500,2024,2052,0.198343
pitcher_reverse,23501,2020,981,0.230377
pitcher_reverse,23501,2022,992,0.228831
pitcher_reverse,23501,2023,1652,0.259685
pitcher_reverse,23501,2024,2532,0.25158
pitcher_reverse,23502,2020,52,0.153846
pitcher_reverse,23504,2022,1414,0.292079
pitcher_reverse,23504,2023,2292,0.275305
pitcher_reverse,23504,2024,2699,0.265654
pitcher_reverse,23504,2025,2981,0.262328
pitcher_reverse,23512,2020,211,0.113744
pitcher_reverse,23512,2021,771,0.169909
pitcher_reverse,23512,2022,1059,0.17847
pitcher_reverse,23512,2023,1466,0.180764
pitcher_reverse,23512,2024,2102,0.205043
pitcher_reverse,23512,2025,2139,0.206639
pitcher_reverse,23513,2021,104,0.125
pitcher_reverse,23513,2022,387,0.20155
pitcher_reverse,23513,2023,790,0.194937
pitcher_reverse,23513,2024,1339,0.244959
pitcher_reverse,23514,2023,35,0.0285714
pitcher_reverse,23514,2024,51,0.137255
pitcher_reverse,23514,2025,74,0.189189
pitcher_reverse,23515,2020,276,0.221014
pitcher_reverse,23515,2021,1282,0.234009
pitcher_reverse,23515,2022,1681,0.251636
pitcher_reverse,23515,2023,2359,0.255193
pitcher_reverse,23515,2025,2464,0.255276
pitcher_reverse,23516,2020,150,0.1
pitcher_reverse,23518,2020,1890,0.113757
pitcher_reverse,23518,2021,4406,0.136178
pitcher_reverse,23518,2022,6560,0.163262
pitcher_reverse,23518,2024,7727,0.162417
pitcher_reverse,23518,2025,8086,0.16609
pitcher_reverse,23519,2020,73,0.164384
pitcher_reverse,23519,2021,108,0.111111
pitcher_reverse,23520,2024,29,0.344828
pitcher_reverse,23532,2020,126,0.222222
pitcher_reverse,23532,2021,151,0.198675
pitcher_reverse,23532,2022,196,0.188776
pitcher_reverse,23532,2023,294,0.136054
pitcher_reverse,23532,2024,577,0.195841
pitcher_reverse,23532,2025,621,0.202899
pitcher_reverse,23534,2020,2537,0.15609
pitcher_reverse,23535,2022,14,0.0
pitcher_reverse,23535,2023,118,0.0169492
pitcher_reverse,23535,2024,252,0.18254
pitcher_reverse,23535,2025,393,0.277354
pitcher_reverse,23536,2020,415,0.120482
pitcher_reverse,23536,2021,1573,0.146853
pitcher_reverse,23536,2022,2429,0.201317
pitcher_reverse,23536,2023,3034,0.203362
pitcher_reverse,23536,2024,3163,0.20645
pitcher_reverse,23537,2020,78,0.0897436
pitcher_reverse,23537,2023,97,0.103093
pitcher_reverse,23538,2022,62,0.112903
pitcher_reverse,23538,2023,90,0.122222
pitcher_reverse,23538,2024,264,0.30303
pitcher_reverse,23540,2021,155,0.129032
pitcher_reverse,23540,2022,1892,0.216702
pitcher_reverse,23540,2023,3003,0.220446
pitcher_reverse,23540,2024,4028,0.205809
pitcher_reverse,23540,2025,4845,0.202064
pitcher_reverse,23542,2021,37,0.135135
pitcher_reverse,23542,2022,342,0.102339
pitcher_reverse,23542,2023,1009,0.216056
pitcher_reverse,23542,2024,1399,0.240172
pitcher_reverse,23542,2025,1710,0.251462
pitcher_reverse,23554,2020,61,0.0819672
pitcher_reverse,23554,2021,624,0.219551
pitcher_reverse,23554,2022,1727,0.238564
pitcher_reverse,23554,2024,1783,0.235558
pitcher_reverse,23554,2025,1993,0.230808
pitcher_reverse,23555,2022,1939,0.316142
pitcher_reverse,23555,2023,4504,0.303508
pitcher_reverse,23555,2024,6733,0.303134
pitcher_reverse,23555,2025,9625,0.299948
pitcher_reverse,23556,2020,382,0.138743
pitcher_reverse,23556,2021,492,0.123984
pitcher_reverse,23557,2020,2074,0.155256
pitcher_reverse,23558,2020,88,0.0909091
pitcher_reverse,23558,2023,1250,0.2792
pitcher_reverse,23558,2024,2504,0.277556
pitcher_reverse,23558,2025,3224,0.274814
pitcher_reverse,23560,2022,246,0.243902
pitcher_reverse,23560,2024,307,0.299674
pitcher_reverse,23560,2025,528,0.280303
pitcher_reverse,23561,2020,984,0.20935
pitcher_reverse,23561,2021,3132,0.201788
pitcher_reverse,23561,2022,5809,0.211396
pitcher_reverse,23561,2023,8564,0.213568
pitcher_reverse,23561,2024,10401,0.214595
pitcher_reverse,23561,2025,12330,0.219384
pitcher_reverse,23564,2020,88,0.147727
pitcher_reverse,23564,2023,259,0.0656371
pitcher_reverse,23564,2024,478,0.198745
pitcher_reverse,23564,2025,773,0.258732
pitcher_reverse,23565,2020,210,0.138095
pitcher_reverse,23565,2021,1255,0.203984
pitcher_reverse,23565,2022,2264,0.241166
pitcher_reverse,23565,2023,2438,0.230517
pitcher_reverse,23565,2024,2700,0.237778
pitcher_reverse,23565,2025,3209,0.244001
pitcher_reverse,23567,2020,47,0.212766
pitcher_reverse,23567,2021,119,0.193277
pitcher_reverse,23567,2022,381,0.225722
pitcher_reverse,23567,2023,575,0.208696
pitcher_reverse,23567,2024,617,0.209076
pitcher_reverse,23567,2025,664,0.209337
pitcher_reverse,23568,2020,790,0.193671
pitcher_reverse,23568,2021,1405,0.202135
pitcher_reverse,23568,2022,1495,0.215385
pitcher_reverse,23568,2024,1525,0.217049
pitcher_reverse,23574,2020,62,0.193548
pitcher_reverse,23574,2021,921,0.267101
pitcher_reverse,23574,2022,934,0.264454
pitcher_reverse,23575,2020,52,0.134615
pitcher_reverse,23589,2020,165,0.0787879
pitcher_reverse,23589,2023,1614,0.230483
pitcher_reverse,23589,2024,2612,0.227029
pitcher_reverse,23589,2025,4499,0.225828
pitcher_reverse,23590,2020,1112,0.250899
pitcher_reverse,23590,2021,2289,0.257318
pitcher_reverse,23590,2022,3377,0.271839
pitcher_reverse,23590,2023,4362,0.268913
pitcher_reverse,23590,2024,5278,0.271315
pitcher_reverse,23590,2025,6012,0.26813
pitcher_reverse,23591,2020,13,0.0
pitcher_reverse,23591,2022,45,0.0
pitcher_reverse,23593,2020,70,0.114286
pitcher_reverse,23593,2021,861,0.226481
pitcher_reverse,23593,2022,3351,0.250373
pitcher_reverse,23593,2023,5361,0.263011
pitcher_reverse,23593,2024,7501,0.260765
pitcher_reverse,23593,2025,9504,0.256734
pitcher_reverse,23596,2020,208,0.288462
pitcher_reverse,23596,2021,296,0.266892
pitcher_reverse,23597,2020,127,0.19685
pitcher_reverse,23597,2021,293,0.215017
pitcher_reverse,23597,2022,1134,0.281305
pitcher_reverse,23597,2023,1935,0.286305
pitcher_reverse,23597,2024,2404,0.285358
pitcher_reverse,23597,2025,2968,0.287736
pitcher_reverse,23598,2020,60,0.0166667
pitcher_reverse,23599,2021,70,0.185714
pitcher_reverse,23599,2022,199,0.170854
pitcher_reverse,23600,2021,92,0.293478
pitcher_reverse,23600,2022,163,0.226994
pitcher_reverse,23614,2020,760,0.172368
pitcher_reverse,23614,2021,1635,0.201835
pitcher_reverse,23614,2022,2166,0.225762
pitcher_reverse,23614,2023,2827,0.227096
pitcher_reverse,23614,2024,2874,0.228253
pitcher_reverse,23615,2020,17,0.117647
pitcher_reverse,23615,2021,39,0.205128
pitcher_reverse,23615,2024,55,0.254545
pitcher_reverse,23617,2020,167,0.179641
pitcher_reverse,23617,2021,234,0.162393
pitcher_reverse,23617,2022,300,0.163333
pitcher_reverse,23617,2023,1566,0.249681
pitcher_reverse,23617,2024,2281,0.263919
pitcher_reverse,23617,2025,2568,0.257788
pitcher_reverse,23618,2020,34,0.176471
pitcher_reverse,23618,2021,75,0.16
pitcher_reverse,23624,2020,38,0.0263158
pitcher_reverse,23624,2022,55,0.0181818
pitcher_reverse,23627,2020,897,0.132664
pitcher_reverse,23627,2021,1180,0.150847
pitcher_reverse,23627,2022,1448,0.171961
pitcher_reverse,23627,2023,1663,0.165965
pitcher_reverse,23627,2024,2329,0.187205
pitcher_reverse,23627,2025,2596,0.193374
pitcher_reverse,23628,2020,88,0.215909
pitcher_reverse,23628,2021,532,0.208647
pitcher_reverse,23628,2022,1050,0.212381
pitcher_reverse,23628,2023,1252,0.21246
pitcher_reverse,23630,2020,928,0.128233
pitcher_reverse,23630,2021,1720,0.155233
pitcher_reverse,23630,2022,1983,0.168432
pitcher_reverse,23630,2023,2695,0.173284
pitcher_reverse,23630,2024,3640,0.177473
pitcher_reverse,23630,2025,4728,0.181895
pitcher_reverse,23631,2020,2160,0.22037
pitcher_reverse,23631,2021,2901,0.219235
pitcher_reverse,23631,2022,3097,0.226025
pitcher_reverse,23632,2020,775,0.236129
pitcher_reverse,23632,2021,1568,0.260204
pitcher_reverse,23632,2022,2139,0.27209
pitcher_reverse,23632,2023,2552,0.275078
pitcher_reverse,23632,2024,2987,0.284232
pitcher_reverse,23632,2025,3075,0.285528
pitcher_reverse,23633,2020,2757,0.178092
pitcher_reverse,23633,2021,5427,0.183895
pitcher_reverse,23633,2022,8378,0.205419
pitcher_reverse,23633,2023,10893,0.207473
pitcher_reverse,23633,2024,13636,0.199179
pitcher_reverse,23633,2025,15449,0.199236
pitcher_reverse,23634,2021,748,0.139037
pitcher_reverse,23634,2022,1919,0.200625
pitcher_reverse,23634,2023,2898,0.216356
pitcher_reverse,23634,2024,4356,0.222452
pitcher_reverse,23636,2020,747,0.117805
pitcher_reverse,23636,2023,1221,0.0810811
pitcher_reverse,23637,2020,994,0.296781
pitcher_reverse,23637,2021,2123,0.295337
pitcher_reverse,23637,2022,3176,0.333123
pitcher_reverse,23637,2023,4110,0.347202
pitcher_reverse,23637,2024,5075,0.329655
pitcher_reverse,23637,2025,5586,0.327068
pitcher_reverse,23638,2020,1027,0.152872
pitcher_reverse,23638,2021,2380,0.146639
pitcher_reverse,23638,2022,3850,0.180779
pitcher_reverse,23638,2024,4162,0.184767
pitcher_reverse,23638,2025,5020,0.201793
pitcher_reverse,23640,2020,45,0.155556
pitcher_reverse,23640,2021,765,0.236601
pitcher_reverse,23640,2022,903,0.220377
pitcher_reverse,23640,2023,930,0.213978
pitcher_reverse,23640,2025,993,0.215509
pitcher_reverse,23642,2020,155,0.109677
pitcher_reverse,23642,2023,1777,0.10242
pitcher_reverse,23642,2024,3235,0.16507
pitcher_reverse,23642,2025,4238,0.191836
pitcher_reverse,23643,2020,509,0.121807
pitcher_reverse,23643,2021,730,0.152055
pitcher_reverse,23643,2022,1104,0.138587
pitcher_reverse,23643,2023,1733,0.0957877
pitcher_reverse,23644,2020,127,0.102362
pitcher_reverse,23644,2021,831,0.172082
pitcher_reverse,23644,2022,2298,0.14926
pitcher_reverse,23644,2023,2993,0.170063
pitcher_reverse,23644,2024,3118,0.173509
pitcher_reverse,23644,2025,3399,0.179465
pitcher_reverse,23648,2020,16,0.0
pitcher_reverse,23648,2021,246,0.182927
pitcher_reverse,23648,2022,877,0.208666
pitcher_reverse,23648,2023,892,0.206278
pitcher_reverse,23650,2020,1550,0.250968
pitcher_reverse,23650,2021,2551,0.239122
pitcher_reverse,23650,2022,2650,0.231698
pitcher_reverse,23650,2023,2868,0.231172
pitcher_reverse,23650,2024,3539,0.246397
pitcher_reverse,23650,2025,3925,0.250955
pitcher_reverse,23651,2020,2691,0.199182
pitcher_reverse,23652,2024,38,0.210526
pitcher_reverse,23652,2025,52,0.269231
pitcher_reverse,23653,2020,352,0.15625
pitcher_reverse,23653,2022,596,0.265101
pitcher_reverse,23653,2023,652,0.263804
pitcher_reverse,23653,2024,748,0.276738
pitcher_reverse,23653,2025,1201,0.318068
pitcher_reverse,23654,2020,502,0.169323
pitcher_reverse,23654,2021,1061,0.187559
pitcher_reverse,23654,2022,1080,0.185185
pitcher_reverse,23655,2020,2763,0.107492
pitcher_reverse,23659,2020,18,0.111111
pitcher_reverse,23660,2023,39,0.128205
pitcher_reverse,23665,2020,931,0.2116
pitcher_reverse,23665,2021,1423,0.234013
pitcher_reverse,23665,2022,2087,0.24437
pitcher_reverse,23665,2023,2884,0.254161
pitcher_reverse,23665,2024,3504,0.25742
pitcher_reverse,23665,2025,4126,0.259089
pitcher_reverse,23667,2025,12,0.166667
pitcher_reverse,23670,2022,27,0.0740741
pitcher_reverse,23672,2020,1770,0.212994
pitcher_reverse,23672,2021,3620,0.228177
pitcher_reverse,23672,2022,4634,0.252697
pitcher_reverse,23672,2023,5674,0.251851
pitcher_reverse,23673,2020,1059,0.168083
pitcher_reverse,23676,2020,67,0.268657
pitcher_reverse,23676,2024,224,0.245536
pitcher_reverse,23676,2025,1026,0.246589
pitcher_reverse,23680,2021,29,0.103448
pitcher_reverse,23680,2022,111,0.036036
pitcher_reverse,23680,2024,168,0.113095
pitcher_reverse,23682,2020,23,0.130435
pitcher_reverse,23684,2020,166,0.198795
pitcher_reverse,23684,2021,788,0.295685
pitcher_reverse,23684,2022,1678,0.292014
pitcher_reverse,23684,2023,1764,0.283447
pitcher_reverse,23684,2024,1892,0.282241
pitcher_reverse,23684,2025,2081,0.284479
pitcher_reverse,23689,2020,486,0.125514
pitcher_reverse,23689,2021,873,0.166094
pitcher_reverse,23689,2022,945,0.156614
pitcher_reverse,23690,2020,344,0.159884
pitcher_reverse,23690,2021,360,0.155556
pitcher_reverse,23693,2021,20,0.2
pitcher_reverse,23694,2020,3141,0.135307
pitcher_reverse,23694,2021,5883,0.161142
pitcher_reverse,23695,2020,890,0.144944
pitcher_reverse,23695,2021,2185,0.194508
pitcher_reverse,23695,2022,2777,0.208858
pitcher_reverse,23695,2023,3053,0.211923
pitcher_reverse,23695,2025,4383,0.232489
pitcher_reverse,23696,2020,2842,0.112597
pitcher_reverse,23696,2021,4252,0.12206
pitcher_reverse,23697,2020,802,0.210723
pitcher_reverse,23697,2022,875,0.204571
pitcher_reverse,23697,2023,1608,0.256219
pitcher_reverse,23697,2024,1806,0.260244
pitcher_reverse,23699,2023,131,0.0534351
pitcher_reverse,23699,2024,266,0.206767
pitcher_reverse,23699,2025,354,0.20904
pitcher_reverse,23703,2021,371,0.245283
pitcher_reverse,23703,2022,826,0.266344
pitcher_reverse,23708,2020,49,0.183673
pitcher_reverse,23713,2020,2075,0.234217
pitcher_reverse,23714,2020,130,0.0769231
pitcher_reverse,23717,2020,1574,0.228717
pitcher_reverse,23719,2020,1899,0.119537
pitcher_reverse,23719,2021,4271,0.137907
pitcher_reverse,23719,2022,6891,0.14947
pitcher_reverse,23719,2023,9560,0.154498
pitcher_reverse,23719,2024,12081,0.161659
pitcher_reverse,23719,2025,14774,0.163192
pitcher_reverse,23721,2021,16,0.125
pitcher_reverse,23721,2022,42,0.309524
pitcher_reverse,23721,2024,62,0.322581
pitcher_reverse,23727,2020,64,0.109375
pitcher_reverse,23727,2021,77,0.168831
pitcher_reverse,23727,2024,123,0.292683
pitcher_reverse,23727,2025,178,0.286517
pitcher_reverse,23729,2021,25,0.16
pitcher_reverse,23731,2020,21,0.0952381
pitcher_reverse,23731,2021,44,0.227273
pitcher_reverse,23731,2022,183,0.300546
pitcher_reverse,23731,2023,985,0.290355
pitcher_reverse,23731,2024,1093,0.298262
pitcher_reverse,23731,2025,1232,0.306818
pitcher_reverse,23736,2020,78,0.153846
pitcher_reverse,23736,2023,522,0.162835
pitcher_reverse,23736,2024,534,0.162921
pitcher_reverse,23736,2025,783,0.208174
pitcher_reverse,23737,2020,23,0.0869565
pitcher_reverse,23737,2021,176,0.227273
pitcher_reverse,23737,2022,567,0.208113
pitcher_reverse,23737,2025,1250,0.264
pitcher_reverse,23738,2021,102,0.137255
pitcher_reverse,23738,2022,181,0.143646
pitcher_reverse,23738,2025,226,0.190265
pitcher_reverse,23740,2020,42,0.142857
pitcher_reverse,23740,2021,151,0.119205
pitcher_reverse,23743,2021,139,0.129496
pitcher_reverse,23743,2023,292,0.0993151
pitcher_reverse,23743,2024,375,0.136
pitcher_reverse,23743,2025,509,0.147348
pitcher_reverse,23745,2020,2761,0.199203
pitcher_reverse,23745,2021,5178,0.204712
pitcher_reverse,23745,2022,8018,0.222624
pitcher_reverse,23745,2023,10930,0.228637
pitcher_reverse,23745,2024,12030,0.23483
pitcher_reverse,23745,2025,12786,0.235179
pitcher_reverse,23747,2020,124,0.185484
pitcher_reverse,23747,2021,331,0.226586
pitcher_reverse,23747,2022,729,0.237311
pitcher_reverse,23747,2023,1074,0.222533
pitcher_reverse,23747,2024,1125,0.220444
pitcher_reverse,23747,2025,1211,0.224608
pitcher_reverse,23748,2020,225,0.142222
pitcher_reverse,23748,2021,898,0.16147
pitcher_reverse,23748,2022,1151,0.187663
pitcher_reverse,23748,2023,1854,0.181769
pitcher_reverse,23748,2024,1977,0.185129
pitcher_reverse,23748,2025,2111,0.188063
pitcher_reverse,23749,2020,188,0.164894
pitcher_reverse,23749,2021,988,0.258097
pitcher_reverse,23749,2022,1338,0.212257
pitcher_reverse,23749,2024,1439,0.212648
pitcher_reverse,23749,2025,2251,0.243447
pitcher_reverse,23751,2020,173,0.150289
pitcher_reverse,23751,2021,488,0.161885
pitcher_reverse,23751,2022,678,0.188791
pitcher_reverse,23751,2023,697,0.185079
pitcher_reverse,23751,2024,764,0.193717
pitcher_reverse,23751,2025,1958,0.248212
pitcher_reverse,23754,2020,78,0.115385
pitcher_reverse,23754,2021,308,0.136364
pitcher_reverse,23754,2022,326,0.128834
pitcher_reverse,23758,2020,2568,0.156153
pitcher_reverse,23759,2020,1024,0.201172
pitcher_reverse,23759,2021,1301,0.208301
pitcher_reverse,23759,2022,1701,0.233392
pitcher_reverse,23761,2020,423,0.252955
pitcher_reverse,23761,2021,1218,0.273399
pitcher_reverse,23761,2023,1224,0.272059
pitcher_reverse,23761,2024,1880,0.271809
pitcher_reverse,23761,2025,2164,0.270795
pitcher_reverse,23762,2021,290,0.22069
pitcher_reverse,23762,2022,350,0.208571
pitcher_reverse,23763,2021,25,0.04
pitcher_reverse,23764,2021,31,0.129032
pitcher_reverse,23764,2023,40,0.1
pitcher_reverse,23764,2024,89,0.303371
pitcher_reverse,23764,2025,224,0.272321
pitcher_reverse,23765,2020,103,0.145631
pitcher_reverse,23765,2021,130,0.130769
pitcher_reverse,23766,2020,1243,0.159292
pitcher_reverse,23767,2020,2699,0.145239
pitcher_reverse,23767,2021,5700,0.167193
pitcher_reverse,23767,2022,8669,0.192987
pitcher_reverse,23767,2023,11643,0.210685
pitcher_reverse,23769,2020,52,0.288462
pitcher_reverse,23769,2021,1593,0.302574
pitcher_reverse,23769,2022,3846,0.309412
pitcher_reverse,23769,2023,5893,0.311895
pitcher_reverse,23769,2024,7764,0.319552
pitcher_reverse,23769,2025,8458,0.315086
pitcher_reverse,23771,2020,22,0.227273
pitcher_reverse,23771,2022,60,0.1
pitcher_reverse,23771,2023,241,0.248963
pitcher_reverse,23771,2024,591,0.253807
pitcher_reverse,23771,2025,1070,0.256075
pitcher_reverse,23772,2020,133,0.180451
pitcher_reverse,23772,2021,456,0.239035
pitcher_reverse,23772,2022,1174,0.247871
pitcher_reverse,23772,2024,1315,0.248669
pitcher_reverse,23772,2025,1483,0.245448
pitcher_reverse,23775,2023,84,0.214286
pitcher_reverse,23775,2024,130,0.269231
pitcher_reverse,23777,2022,21,0.047619
pitcher_reverse,23779,2020,63,0.126984
pitcher_reverse,23779,2022,155,0.290323
pitcher_reverse,23779,2023,185,0.248649
pitcher_reverse,23779,2024,207,0.26087
pitcher_reverse,23781,2020,2573,0.12981
pitcher_reverse,23781,2021,5717,0.122092
pitcher_reverse,23781,2024,8705,0.132567
pitcher_reverse,23781,2025,9748,0.135515
pitcher_reverse,23782,2020,2895,0.162003
pitcher_reverse,23782,2021,5413,0.176612
pitcher_reverse,23782,2022,7703,0.189796
pitcher_reverse,23782,2023,7870,0.189835
pitcher_reverse,23782,2024,9536,0.193372
pitcher_reverse,23782,2025,12392,0.196578
pitcher_reverse,23783,2020,96,0.25
pitcher_reverse,23783,2024,269,0.223048
pitcher_reverse,23783,2025,331,0.232628
pitcher_reverse,23784,2020,1468,0.245913
pitcher_reverse,23784,2021,1982,0.246216
pitcher_reverse,23784,2022,2461,0.255587
pitcher_reverse,23785,2020,63,0.142857
pitcher_reverse,23786,2020,905,0.243094
pitcher_reverse,23786,2021,1247,0.249399
pitcher_reverse,23786,2022,1294,0.244204
pitcher_reverse,23786,2023,1356,0.235988
pitcher_reverse,23786,2024,2456,0.239414
pitcher_reverse,23786,2025,3261,0.245324
pitcher_reverse,23787,2020,179,0.122905
pitcher_reverse,23787,2021,359,0.197772
pitcher_reverse,23787,2022,552,0.206522
pitcher_reverse,23787,2024,1224,0.239379
pitcher_reverse,23787,2025,1861,0.24288
pitcher_reverse,23790,2020,56,0.196429
pitcher_reverse,23790,2021,106,0.245283
pitcher_reverse,23790,2024,752,0.239362
pitcher_reverse,23790,2025,935,0.239572
pitcher_reverse,23794,2023,46,0.0217391
pitcher_reverse,23794,2025,58,0.12069
pitcher_reverse,23819,2025,291,0.340206
pitcher_reverse,23843,2020,1113,0.215633
pitcher_reverse,23848,2021,789,0.152091
pitcher_reverse,23848,2022,1794,0.171683
pitcher_reverse,23848,2023,2772,0.184704
pitcher_reverse,23848,2024,3799,0.188997
pitcher_reverse,23848,2025,4801,0.183295
pitcher_reverse,23849,2020,826,0.161017
pitcher_reverse,23849,2021,2812,0.157895
pitcher_reverse,23849,2022,3425,0.165547
pitcher_reverse,23850,2020,39,0.179487
pitcher_reverse,23850,2021,127,0.19685
pitcher_reverse,23850,2022,219,0.141553
pitcher_reverse,23852,2021,1771,0.246753
pitcher_reverse,23852,2022,3878,0.264569
pitcher_reverse,23852,2023,6217,0.25945
pitcher_reverse,23852,2024,7075,0.262898
pitcher_reverse,23853,2021,1441,0.249827
pitcher_reverse,23853,2022,2717,0.272359
pitcher_reverse,23853,2023,4578,0.276322
pitcher_reverse,23853,2024,5994,0.275108
pitcher_reverse,23853,2025,6263,0.275587
pitcher_reverse,23856,2021,36,0.0833333
pitcher_reverse,23856,2022,324,0.111111
pitcher_reverse,23856,2025,355,0.126761
pitcher_reverse,23857,2021,550,0.132727
pitcher_reverse,23857,2023,896,0.113839
pitcher_reverse,23857,2024,2030,0.207882
pitcher_reverse,23857,2025,3135,0.241786
pitcher_reverse,23858,2021,59,0.169492
pitcher_reverse,23858,2022,218,0.142202
pitcher_reverse,23858,2025,720,0.3
pitcher_reverse,23860,2021,866,0.136259
pitcher_reverse,23860,2023,926,0.12959
pitcher_reverse,23860,2024,1608,0.19403
pitcher_reverse,23860,2025,2172,0.21639
pitcher_reverse,23863,2021,372,0.145161
pitcher_reverse,23863,2022,661,0.121029
pitcher_reverse,23866,2024,107,0.495327
pitcher_reverse,23867,2024,63,0.571429
pitcher_reverse,23867,2025,262,0.351145
pitcher_reverse,23868,2021,67,0.0746269
pitcher_reverse,23868,2022,139,0.0647482
pitcher_reverse,23868,2024,195,0.117949
pitcher_reverse,23868,2025,368,0.182065
pitcher_reverse,23869,2021,49,0.102041
pitcher_reverse,23869,2023,1463,0.209843
pitcher_reverse,23869,2024,2160,0.222222
pitcher_reverse,23869,2025,2867,0.233694
pitcher_reverse,23870,2021,838,0.299523
pitcher_reverse,23870,2022,911,0.307355
pitcher_reverse,23870,2023,1986,0.313696
pitcher_reverse,23870,2024,2214,0.324752
pitcher_reverse,23870,2025,2379,0.326187
pitcher_reverse,23871,2021,569,0.11775
pitcher_reverse,23871,2022,1301,0.187548
pitcher_reverse,23871,2023,1491,0.183099
pitcher_reverse,23871,2024,1576,0.186548
pitcher_reverse,23871,2025,2496,0.220753
pitcher_reverse,23872,2022,78,0.0512821
pitcher_reverse,23872,2023,205,0.185366
pitcher_reverse,23872,2025,279,0.229391
pitcher_reverse,23873,2021,22,0.0909091
pitcher_reverse,23874,2021,24,0.0
pitcher_reverse,23874,2022,78,0.0128205
pitcher_reverse,23879,2021,96,0.0625
pitcher_reverse,23879,2022,139,0.165468
pitcher_reverse,23879,2023,212,0.122642
pitcher_reverse,23880,2021,2818,0.177076
pitcher_reverse,23880,2022,5843,0.193223
pitcher_reverse,23880,2023,8448,0.192827
pitcher_reverse,23880,2024,11432,0.198303
pitcher_reverse,23884,2023,107,0.0841121
pitcher_reverse,23885,2021,29,0.172414
pitcher_reverse,23886,2021,53,0.264151
pitcher_reverse,23886,2022,61,0.229508
pitcher_reverse,23886,2025,140,0.335714
pitcher_reverse,23887,2021,39,0.25641
pitcher_reverse,23887,2022,120,0.283333
pitcher_reverse,23893,2021,495,0.242424
pitcher_reverse,23893,2022,1259,0.270056
pitcher_reverse,23893,2023,2381,0.259555
pitcher_reverse,23893,2024,3222,0.257914
pitcher_reverse,23893,2025,3653,0.257596
pitcher_reverse,23895,2021,67,0.19403
pitcher_reverse,23895,2022,81,0.209877
pitcher_reverse,23895,2025,180,0.272222
pitcher_reverse,23897,2021,3156,0.216096
pitcher_reverse,23897,2022,6124,0.249184
pitcher_reverse,23897,2023,7166,0.249372
pitcher_reverse,23897,2024,8631,0.250261
pitcher_reverse,23898,2021,2201,0.180827
pitcher_reverse,23902,2021,643,0.272162
pitcher_reverse,23902,2022,853,0.239156
pitcher_reverse,23902,2023,972,0.231481
pitcher_reverse,23902,2024,1057,0.238411
pitcher_reverse,23902,2025,1882,0.264612
pitcher_reverse,23903,2021,419,0.236277
pitcher_reverse,23903,2022,2572,0.309876
pitcher_reverse,23903,2023,5103,0.297668
pitcher_reverse,23903,2024,7667,0.311465
pitcher_reverse,23903,2025,9875,0.316759
pitcher_reverse,23904,2021,182,0.0989011
pitcher_reverse,23904,2022,258,0.108527
pitcher_reverse,23904,2023,374,0.141711
pitcher_reverse,23904,2024,415,0.187952
pitcher_reverse,23904,2025,737,0.238806
pitcher_reverse,23908,2022,47,0.0851064
pitcher_reverse,23909,2021,140,0.221429
pitcher_reverse,23909,2022,404,0.136139
pitcher_reverse,23910,2021,98,0.0816327
pitcher_reverse,23912,2021,21,0.0
pitcher_reverse,23914,2021,2948,0.212347
pitcher_reverse,23915,2021,190,0.178947
pitcher_reverse,23915,2022,2541,0.197166
pitcher_reverse,23915,2023,2827,0.197382
pitcher_reverse,23916,2021,2808,0.214744
pitcher_reverse,23917,2021,2217,0.128552
pitcher_reverse,23917,2022,3436,0.142026
pitcher_reverse,23920,2022,54,0.0
pitcher_reverse,23920,2025,83,0.0843373
pitcher_reverse,23921,2024,55,0.236364
pitcher_reverse,23921,2025,106,0.273585
pitcher_reverse,23922,2022,28,0.0357143
pitcher_reverse,23922,2023,52,0.0192308
pitcher_reverse,23922,2024,130,0.2
pitcher_reverse,23923,2022,16,0.0
pitcher_reverse,23923,2023,90,0.288889
pitcher_reverse,23923,2025,179,0.307263
pitcher_reverse,23927,2022,308,0.188312
pitcher_reverse,23927,2023,357,0.162465
pitcher_reverse,23927,2025,402,0.171642
pitcher_reverse,23929,2021,680,0.179412
pitcher_reverse,23929,2022,1774,0.204059
pitcher_reverse,23929,2023,2688,0.202753
pitcher_reverse,23929,2024,3485,0.200574
pitcher_reverse,23929,2025,4325,0.189827
pitcher_reverse,23930,2022,153,0.267974
pitcher_reverse,23930,2023,1767,0.267119
pitcher_reverse,23930,2024,2537,0.279858
pitcher_reverse,23930,2025,2684,0.276826
pitcher_reverse,23931,2021,45,0.244444
pitcher_reverse,23931,2022,153,0.130719
pitcher_reverse,23932,2021,35,0.228571
pitcher_reverse,23932,2022,94,0.0957447
pitcher_reverse,23932,2023,603,0.157546
pitcher_reverse,23932,2024,1870,0.228877
pitcher_reverse,23932,2025,2477,0.232539
pitcher_reverse,23933,2021,182,0.214286
pitcher_reverse,23933,2023,216,0.189815
pitcher_reverse,23933,2024,239,0.209205
pitcher_reverse,23933,2025,377,0.212202
pitcher_reverse,23934,2021,162,0.253086
pitcher_reverse,23934,2022,238,0.218487
pitcher_reverse,23934,2025,360,0.244444
pitcher_reverse,23935,2021,888,0.237613
pitcher_reverse,23935,2022,2047,0.267709
pitcher_reverse,23935,2023,2958,0.273496
pitcher_reverse,23935,2024,3743,0.280256
pitcher_reverse,23936,2021,69,0.130435
pitcher_reverse,23942,2021,320,0.175
pitcher_reverse,23942,2022,555,0.163964
pitcher_reverse,23943,2021,65,0.0615385
pitcher_reverse,23943,2023,88,0.0568182
pitcher_reverse,23944,2021,1952,0.126537
pitcher_reverse,23947,2021,108,0.268519
pitcher_reverse,23947,2025,269,0.301115
pitcher_reverse,23950,2023,59,0.0
pitcher_reverse,23951,2021,257,0.143969
pitcher_reverse,23951,2022,575,0.172174
pitcher_reverse,23951,2025,687,0.167394
pitcher_reverse,23952,2021,250,0.128
pitcher_reverse,23952,2022,336,0.136905
pitcher_reverse,23952,2025,390,0.169231
pitcher_reverse,23953,2021,305,0.213115
pitcher_reverse,23953,2022,778,0.22365
pitcher_reverse,23953,2023,965,0.238342
pitcher_reverse,23953,2025,1226,0.225122
pitcher_reverse,23954,2021,146,0.267123
pitcher_reverse,23954,2022,379,0.255937
pitcher_reverse,23954,2023,679,0.206186
pitcher_reverse,23955,2021,18,0.333333
pitcher_reverse,23955,2022,70,0.2
pitcher_reverse,23955,2024,220,0.295455
pitcher_reverse,23955,2025,466,0.251073
pitcher_reverse,23959,2021,57,0.263158
pitcher_reverse,23959,2024,169,0.301775
pitcher_reverse,23962,2021,2788,0.245337
pitcher_reverse,23963,2021,18,0.0555556
pitcher_reverse,23963,2022,389,0.257069
pitcher_reverse,23963,2023,1180,0.276271
pitcher_reverse,23963,2024,1396,0.275788
pitcher_reverse,23964,2022,25,0.08
pitcher_reverse,23964,2023,49,0.204082
pitcher_reverse,23964,2024,335,0.286567
pitcher_reverse,23966,2021,8,0.25
pitcher_reverse,23966,2022,142,0.211268
pitcher_reverse,23967,2021,49,0.102041
pitcher_reverse,23967,2025,59,0.101695
pitcher_reverse,23968,2022,296,0.35473
pitcher_reverse,23972,2022,35,0.0571429
pitcher_reverse,23972,2025,867,0.33564
pitcher_reverse,23977,2021,133,0.233083
pitcher_reverse,23977,2022,256,0.226562
pitcher_reverse,23977,2023,452,0.161504
pitcher_reverse,23977,2024,851,0.213866
pitcher_reverse,23977,2025,1730,0.256647
pitcher_reverse,23979,2021,367,0.212534
pitcher_reverse,23979,2022,1698,0.24735
pitcher_reverse,23979,2023,2198,0.237489
pitcher_reverse,23979,2024,2993,0.256933
pitcher_reverse,23979,2025,3615,0.260581
pitcher_reverse,23982,2021,31,0.193548
pitcher_reverse,23982,2022,151,0.139073
pitcher_reverse,23982,2023,152,0.144737
pitcher_reverse,23982,2024,362,0.207182
pitcher_reverse,23982,2025,984,0.222561
pitcher_reverse,23983,2023,1,0.0
pitcher_reverse,23984,2021,127,0.259843
pitcher_reverse,23985,2021,162,0.320988
pitcher_reverse,23985,2022,307,0.286645
pitcher_reverse,23985,2023,415,0.228916
pitcher_reverse,23987,2021,3524,0.198354
pitcher_reverse,23987,2022,6929,0.204214
pitcher_reverse,23987,2023,9768,0.212224
pitcher_reverse,23988,2021,2171,0.222478
pitcher_reverse,23988,2022,4268,0.222821
pitcher_reverse,23988,2023,6767,0.227132
pitcher_reverse,23988,2024,6997,0.229241
pitcher_reverse,23988,2025,7138,0.228635
pitcher_reverse,23991,2021,108,0.305556
pitcher_reverse,23991,2022,343,0.3207
pitcher_reverse,23991,2023,615,0.295935
pitcher_reverse,23991,2024,632,0.295886
pitcher_reverse,23991,2025,683,0.298682
pitcher_reverse,24011,2022,237,0.0548523
pitcher_reverse,24011,2024,246,0.0609756
pitcher_reverse,24011,2025,1137,0.247142
pitcher_reverse,24012,2022,46,0.0434783
pitcher_reverse,24012,2025,974,0.290554
pitcher_reverse,24013,2022,552,0.0869565
pitcher_reverse,24013,2025,1802,0.222531
pitcher_reverse,24015,2023,17,0.0
pitcher_reverse,24015,2025,27,0.0740741
pitcher_reverse,24017,2024,302,0.364238
pitcher_reverse,24018,2022,643,0.0311042
pitcher_reverse,24018,2023,1979,0.0591208
pitcher_reverse,24018,2024,2264,0.0812721
pitcher_reverse,24020,2022,229,0.0960699
pitcher_reverse,24020,2023,906,0.109272
pitcher_reverse,24020,2024,2350,0.242979
pitcher_reverse,24020,2025,3125,0.25632
pitcher_reverse,24021,2022,1965,0.262087
pitcher_reverse,24026,2022,105,0.142857
pitcher_reverse,24026,2025,605,0.282645
pitcher_reverse,24027,2022,99,0.191919
pitcher_reverse,24027,2023,173,0.17341
pitcher_reverse,24028,2024,623,0.219904
pitcher_reverse,24028,2025,763,0.218873
pitcher_reverse,24036,2022,29,0.103448
pitcher_reverse,24038,2022,993,0.353474
pitcher_reverse,24038,2023,1981,0.337203
pitcher_reverse,24038,2024,2744,0.315962
pitcher_reverse,24038,2025,4374,0.283951
pitcher_reverse,24039,2022,174,0.33908
pitcher_reverse,24039,2023,204,0.352941
pitcher_reverse,24039,2024,291,0.333333
pitcher_reverse,24042,2022,382,0.26178
pitcher_reverse,24042,2023,419,0.238663
pitcher_reverse,24042,2025,588,0.255102
pitcher_reverse,24043,2022,2727,0.279061
pitcher_reverse,24044,2024,125,0.368
pitcher_reverse,24044,2025,699,0.280401
pitcher_reverse,24045,2025,120,0.45
pitcher_reverse,24047,2022,191,0.251309
pitcher_reverse,24047,2024,312,0.259615
pitcher_reverse,24047,2025,471,0.271762
pitcher_reverse,24048,2022,31,0.0967742
pitcher_reverse,24048,2025,74,0.243243
pitcher_reverse,24051,2022,427,0.236534
pitcher_reverse,24051,2023,731,0.164159
pitcher_reverse,24051,2024,741,0.165992
pitcher_reverse,24051,2025,751,0.163782
pitcher_reverse,24052,2022,214,0.182243
pitcher_reverse,24053,2022,2525,0.285941
pitcher_reverse,24053,2023,5294,0.273517
pitcher_reverse,24055,2022,260,0.173077
pitcher_reverse,24055,2023,429,0.118881
pitcher_reverse,24055,2024,517,0.131528
pitcher_reverse,24055,2025,1811,0.221977
pitcher_reverse,24056,2022,1256,0.244427
pitcher_reverse,24056,2023,2089,0.256103
pitcher_reverse,24056,2025,2501,0.259096
pitcher_reverse,24059,2022,197,0.218274
pitcher_reverse,24059,2023,600,0.218333
pitcher_reverse,24059,2024,617,0.218801
pitcher_reverse,24063,2022,836,0.241627
pitcher_reverse,24063,2023,1685,0.277745
pitcher_reverse,24063,2024,2491,0.282216
pitcher_reverse,24063,2025,4019,0.277432
pitcher_reverse,24064,2022,410,0.309756
pitcher_reverse,24064,2023,503,0.266402
pitcher_reverse,24064,2024,657,0.246575
pitcher_reverse,24064,2025,675,0.25037
pitcher_reverse,24065,2024,90,0.322222
pitcher_reverse,24065,2025,188,0.297872
pitcher_reverse,24069,2023,21,0.0
pitcher_reverse,24069,2024,30,0.0666667
pitcher_reverse,24069,2025,54,0.203704
pitcher_reverse,24073,2023,24,0.0833333
pitcher_reverse,24076,2022,55,0.381818
pitcher_reverse,24076,2023,603,0.25539
pitcher_reverse,24076,2024,1946,0.283659
pitcher_reverse,24076,2025,2549,0.271479
pitcher_reverse,24078,2023,312,0.24359
pitcher_reverse,24078,2024,535,0.242991
pitcher_reverse,24078,2025,1350,0.28
pitcher_reverse,24084,2023,48,0.0208333
pitcher_reverse,24085,2022,2369,0.288729
pitcher_reverse,24085,2023,3136,0.290179
pitcher_reverse,24086,2022,524,0.28626
pitcher_reverse,24086,2023,932,0.266094
pitcher_reverse,24086,2024,2426,0.305853
pitcher_reverse,24088,2022,322,0.267081
pitcher_reverse,24088,2023,622,0.297428
pitcher_reverse,24088,2024,820,0.331707
pitcher_reverse,24088,2025,837,0.330944
pitcher_reverse,24089,2022,736,0.248641
pitcher_reverse,24089,2023,1164,0.241409
pitcher_reverse,24089,2024,1999,0.232616
pitcher_reverse,24094,2022,28,0.142857
pitcher_reverse,24094,2023,168,0.077381
pitcher_reverse,24094,2024,373,0.238606
pitcher_reverse,24097,2022,179,0.296089
pitcher_reverse,24099,2022,40,0.1
pitcher_reverse,24099,2023,574,0.165505
pitcher_reverse,24099,2024,1964,0.240835
pitcher_reverse,24099,2025,3047,0.240564
pitcher_reverse,24100,2022,406,0.256158
pitcher_reverse,24100,2023,2169,0.25219
pitcher_reverse,24100,2024,4022,0.259324
pitcher_reverse,24100,2025,4479,0.25921
pitcher_reverse,24102,2022,58,0.0517241
pitcher_reverse,24102,2025,211,0.241706
pitcher_reverse,24104,2025,85,0.270588
pitcher_reverse,24105,2022,15,0.0666667
pitcher_reverse,24105,2023,174,0.0804598
pitcher_reverse,24107,2022,24,0.0833333
pitcher_reverse,24107,2025,75,0.266667
pitcher_reverse,24109,2022,2917,0.21049
pitcher_reverse,24109,2023,3092,0.215395
pitcher_reverse,24110,2022,2018,0.269078
pitcher_reverse,24112,2022,68,0.0
pitcher_reverse,24112,2023,226,0.0929204
pitcher_reverse,24112,2024,285,0.108772
pitcher_reverse,24113,2022,32,0.03125
pitcher_reverse,24113,2023,123,0.0162602
pitcher_reverse,24113,2024,169,0.106509
pitcher_reverse,24113,2025,245,0.118367
pitcher_reverse,24115,2022,1642,0.303289
pitcher_reverse,24115,2023,4291,0.353764
pitcher_reverse,24115,2024,6837,0.37575
pitcher_reverse,24115,2025,7125,0.373754
pitcher_reverse,24116,2022,142,0.190141
pitcher_reverse,24116,2025,191,0.272251
pitcher_reverse,24117,2022,526,0.410646
pitcher_reverse,24117,2023,546,0.395604
pitcher_reverse,24118,2022,485,0.259794
pitcher_reverse,24118,2023,529,0.251418
pitcher_reverse,24126,2022,1976,0.198381
pitcher_reverse,24129,2022,1039,0.27719
pitcher_reverse,24129,2023,1368,0.290936
pitcher_reverse,24129,2024,2390,0.319247
pitcher_reverse,24129,2025,3551,0.318783
pitcher_reverse,24131,2022,80,0.025
pitcher_reverse,24131,2025,144,0.152778
pitcher_reverse,24133,2022,865,0.217341
pitcher_reverse,24133,2023,880,0.213636
pitcher_reverse,24133,2025,970,0.204124
pitcher_reverse,24135,2022,45,0.0444444
pitcher_reverse,24135,2023,107,0.0373832
pitcher_reverse,24136,2022,164,0.0914634
pitcher_reverse,24136,2023,515,0.234951
pitcher_reverse,24136,2024,880,0.243182
pitcher_reverse,24136,2025,1959,0.251149
pitcher_reverse,24140,2022,2999,0.206069
pitcher_reverse,24140,2023,3329,0.210574
pitcher_reverse,24146,2022,1085,0.247005
pitcher_reverse,24147,2022,1285,0.225681
pitcher_reverse,24151,2022,660,0.266667
pitcher_reverse,24152,2023,767,0.0625815
pitcher_reverse,24152,2024,1618,0.216316
pitcher_reverse,24153,2023,154,0.038961
pitcher_reverse,24153,2024,266,0.109023
pitcher_reverse,24154,2023,190,0.0473684
pitcher_reverse,24156,2023,37,0.0
pitcher_reverse,24156,2025,81,0.160494
pitcher_reverse,24157,2023,527,0.056926
pitcher_reverse,24157,2024,697,0.0889527
pitcher_reverse,24157,2025,784,0.105867
pitcher_reverse,24161,2023,170,0.0411765
pitcher_reverse,24161,2024,356,0.182584
pitcher_reverse,24164,2023,2577,0.181995
pitcher_reverse,24164,2024,4549,0.161794
pitcher_reverse,24165,2023,96,0.229167
pitcher_reverse,24165,2024,157,0.261146
pitcher_reverse,24166,2023,153,0.0784314
pitcher_reverse,24166,2024,541,0.243993
pitcher_reverse,24166,2025,811,0.218249
pitcher_reverse,24167,2023,210,0.0857143
pitcher_reverse,24167,2024,296,0.155405
pitcher_reverse,24168,2023,42,0.0952381
pitcher_reverse,24169,2023,62,0.016129
pitcher_reverse,24169,2024,394,0.263959
pitcher_reverse,24169,2025,828,0.271739
pitcher_reverse,24170,2023,15,0.0
pitcher_reverse,24170,2024,57,0.298246
pitcher_reverse,24172,2023,24,0.125
pitcher_reverse,24173,2023,327,0.171254
pitcher_reverse,24173,2024,366,0.199454
pitcher_reverse,24178,2023,361,0.166205
pitcher_reverse,24178,2024,965,0.241451
pitcher_reverse,24178,2025,1746,0.245704
pitcher_reverse,24179,2023,261,0.118774
pitcher_reverse,24179,2025,426,0.20892
pitcher_reverse,24181,2023,49,0.163265
pitcher_reverse,24181,2024,85,0.211765
pitcher_reverse,24183,2023,23,0.0434783
pitcher_reverse,24183,2024,507,0.266272
pitcher_reverse,24183,2025,1003,0.25324
pitcher_reverse,24184,2024,16,0.25
pitcher_reverse,24184,2025,64,0.171875
pitcher_reverse,24185,2023,564,0.234043
pitcher_reverse,24185,2024,1586,0.266709
pitcher_reverse,24185,2025,1876,0.260128
pitcher_reverse,24193,2023,2368,0.175676
pitcher_reverse,24197,2023,380,0.281579
pitcher_reverse,24197,2024,407,0.287469
pitcher_reverse,24197,2025,463,0.295896
pitcher_reverse,24198,2023,86,0.197674
pitcher_reverse,24201,2023,22,0.0
pitcher_reverse,24201,2024,70,0.371429
pitcher_reverse,24202,2023,15,0.0
pitcher_reverse,24202,2024,47,0.276596
pitcher_reverse,24203,2023,22,0.0
pitcher_reverse,24203,2024,91,0.340659
pitcher_reverse,24205,2023,322,0.310559
pitcher_reverse,24205,2024,866,0.299076
pitcher_reverse,24205,2025,1031,0.27934
pitcher_reverse,24209,2023,724,0.270718
pitcher_reverse,24209,2024,751,0.270306
pitcher_reverse,24209,2025,1446,0.235131
pitcher_reverse,24211,2023,238,0.214286
pitcher_reverse,24211,2024,856,0.204439
pitcher_reverse,24211,2025,965,0.204145
pitcher_reverse,24213,2023,20,0.05
pitcher_reverse,24213,2025,46,0.195652
pitcher_reverse,24222,2023,2944,0.218071
pitcher_reverse,24222,2024,5701,0.222768
pitcher_reverse,24222,2025,8097,0.224034
pitcher_reverse,24223,2023,1551,0.212121
pitcher_reverse,24224,2023,151,0.337748
pitcher_reverse,24224,2024,750,0.346667
pitcher_reverse,24224,2025,1923,0.334893
pitcher_reverse,24226,2023,78,0.0769231
pitcher_reverse,24226,2024,432,0.284722
pitcher_reverse,24229,2023,104,0.0480769
pitcher_reverse,24234,2023,191,0.167539
pitcher_reverse,24234,2024,622,0.276527
pitcher_reverse,24234,2025,1500,0.264667
pitcher_reverse,24237,2023,2875,0.286609
pitcher_reverse,24239,2023,1045,0.203828
pitcher_reverse,24240,2023,566,0.217314
pitcher_reverse,24240,2024,2662,0.24831
pitcher_reverse,24240,2025,4561,0.246656
pitcher_reverse,24241,2023,385,0.171429
pitcher_reverse,24241,2024,592,0.219595
pitcher_reverse,24244,2024,24,0.333333
pitcher_reverse,24244,2025,84,0.27381
pitcher_reverse,24246,2023,36,0.0555556
pitcher_reverse,24247,2023,57,0.0
pitcher_reverse,24247,2025,207,0.178744
pitcher_reverse,24248,2023,358,0.0642458
pitcher_reverse,24252,2023,951,0.214511
pitcher_reverse,24252,2024,2171,0.233072
pitcher_reverse,24252,2025,3419,0.238081
pitcher_reverse,24253,2023,187,0.0695187
pitcher_reverse,24254,2023,13,0.0
pitcher_reverse,24258,2023,18,0.0
pitcher_reverse,24259,2023,121,0.0991736
pitcher_reverse,24262,2023,38,0.0263158
pitcher_reverse,24265,2023,198,0.257576
pitcher_reverse,24265,2024,1183,0.32967
pitcher_reverse,24265,2025,2098,0.344137
pitcher_reverse,24267,2023,12,0.0
pitcher_reverse,24267,2024,71,0.267606
pitcher_reverse,24268,2023,57,0.0175439
pitcher_reverse,24268,2024,130,0.2
pitcher_reverse,24268,2025,168,0.22619
pitcher_reverse,24269,2023,1986,0.238671
pitcher_reverse,24271,2023,861,0.24971
pitcher_reverse,24276,2024,80,0.1875
pitcher_reverse,24277,2023,65,0.430769
pitcher_reverse,24277,2024,207,0.342995
pitcher_reverse,24281,2023,16,0.0
pitcher_reverse,24281,2024,62,0.193548
pitcher_reverse,24283,2023,2958,0.200811
pitcher_reverse,24283,2024,4839,0.197561
pitcher_reverse,24286,2023,72,0.0694444
pitcher_reverse,24286,2024,748,0.204545
pitcher_reverse,24286,2025,2562,0.235363
pitcher_reverse,24293,2023,16,0.0625
pitcher_reverse,24300,2023,1448,0.320442
pitcher_reverse,24300,2024,4084,0.262733
pitcher_reverse,24300,2025,6591,0.255045
pitcher_reverse,24303,2023,1163,0.183147
pitcher_reverse,24305,2023,1210,0.267769
pitcher_reverse,24305,2024,4096,0.265381
pitcher_reverse,24305,2025,4798,0.264277
pitcher_reverse,24306,2023,1403,0.263721
pitcher_reverse,24306,2024,2819,0.234835
pitcher_reverse,24307,2023,1177,0.259133
pitcher_reverse,24310,2023,1102,0.209619
pitcher_reverse,24310,2024,2831,0.162134
pitcher_reverse,24310,2025,4105,0.1581
pitcher_reverse,24311,2023,34,0.0588235
pitcher_reverse,24313,2023,742,0.284367
pitcher_reverse,24314,2024,36,0.222222
pitcher_reverse,24314,2025,412,0.32767
pitcher_reverse,24317,2025,290,0.258621
pitcher_reverse,24319,2024,752,0.280585
pitcher_reverse,24319,2025,1771,0.247318
pitcher_reverse,24327,2024,2903,0.187392
pitcher_reverse,24328,2025,1281,0.230289
pitcher_reverse,24329,2024,315,0.257143
pitcher_reverse,24329,2025,1160,0.302586
pitcher_reverse,24333,2024,4,0.5
pitcher_reverse,24333,2025,18,0.277778
pitcher_reverse,24334,2024,200,0.325
pitcher_reverse,24338,2024,55,0.4
pitcher_reverse,24339,2024,85,0.317647
pitcher_reverse,24340,2024,174,0.155172
pitcher_reverse,24343,2024,863,0.336037
pitcher_reverse,24343,2025,1124,0.318505
pitcher_reverse,24344,2024,969,0.23323
pitcher_reverse,24344,2025,1466,0.264666
pitcher_reverse,24346,2024,79,0.278481
pitcher_reverse,24349,2025,270,0.32963
pitcher_reverse,24355,2024,562,0.366548
pitcher_reverse,24355,2025,1360,0.330147
pitcher_reverse,24358,2024,54,0.259259
pitcher_reverse,24369,2024,75,0.32
pitcher_reverse,24369,2025,136,0.25
pitcher_reverse,24370,2024,59,0.152542
pitcher_reverse,24373,2024,130,0.230769
pitcher_reverse,24373,2025,146,0.253425
pitcher_reverse,24374,2024,27,0.407407
pitcher_reverse,24376,2024,218,0.334862
pitcher_reverse,24376,2025,227,0.330396
pitcher_reverse,24377,2024,138,0.210145
pitcher_reverse,24380,2024,36,0.222222
pitcher_reverse,24387,2024,1002,0.234531
pitcher_reverse,24388,2024,1311,0.263921
pitcher_reverse,24389,2024,2046,0.275171
pitcher_reverse,24389,2025,3490,0.258739
pitcher_reverse,24390,2024,20,0.15
pitcher_reverse,24391,2024,34,0.382353
pitcher_reverse,24392,2024,269,0.29368
pitcher_reverse,24392,2025,1337,0.344802
pitcher_reverse,24394,2025,54,0.203704
pitcher_reverse,24398,2024,111,0.207207
pitcher_reverse,24399,2024,326,0.303681
pitcher_reverse,24399,2025,345,0.289855
pitcher_reverse,24401,2025,359,0.256267
pitcher_reverse,24410,2024,2796,0.234979
pitcher_reverse,24410,2025,5690,0.208612
pitcher_reverse,24411,2024,271,0.243542
pitcher_reverse,24411,2025,1223,0.220769
pitcher_reverse,24412,2024,83,0.26506
pitcher_reverse,24420,2025,84,0.392857
pitcher_reverse,24423,2024,1955,0.275192
pitcher_reverse,24424,2024,814,0.212531
pitcher_reverse,24425,2024,172,0.284884
pitcher_reverse,24425,2025,198,0.282828
pitcher_reverse,24433,2025,41,0.146341
pitcher_reverse,24434,2024,133,0.390977
pitcher_reverse,24434,2025,341,0.334311
pitcher_reverse,24440,2024,2245,0.241871
pitcher_reverse,24444,2024,1106,0.183544
pitcher_reverse,24444,2025,2244,0.198752
pitcher_reverse,24446,2024,21,0.047619
pitcher_reverse,24446,2025,105,0.104762
pitcher_reverse,24447,2024,905,0.230939
pitcher_reverse,24447,2025,2784,0.210129
pitcher_reverse,24449,2024,32,0.34375
pitcher_reverse,24450,2024,38,0.289474
pitcher_reverse,24450,2025,59,0.322034
pitcher_reverse,24451,2024,17,0.176471
pitcher_reverse,24452,2024,39,0.435897
pitcher_reverse,24452,2025,166,0.331325
pitcher_reverse,24459,2024,2124,0.272599
pitcher_reverse,24459,2025,3084,0.25454
pitcher_reverse,24460,2024,2122,0.240811
pitcher_reverse,24460,2025,4161,0.22759
pitcher_reverse,24461,2024,1088,0.202206
pitcher_reverse,24463,2024,1070,0.241121
pitcher_reverse,24465,2024,1295,0.150579
pitcher_reverse,24465,2025,4419,0.136004
pitcher_reverse,24467,2024,1011,0.233432
pitcher_reverse,24469,2025,618,0.165049
pitcher_reverse,24477,2025,31,0.290323
pitcher_reverse,24478,2025,77,0.25974
pitcher_reverse,24482,2025,424,0.266509
pitcher_reverse,24483,2025,2905,0.225473
pitcher_reverse,24484,2025,856,0.274533
pitcher_reverse,24485,2025,836,0.245215
pitcher_reverse,24486,2025,141,0.382979
pitcher_reverse,24487,2025,362,0.240331
pitcher_reverse,24488,2025,855,0.273684
pitcher_reverse,24494,2025,456,0.129386
pitcher_reverse,24498,2025,106,0.330189
pitcher_reverse,24499,2025,245,0.22449
pitcher_reverse,24502,2025,180,0.338889
pitcher_reverse,24508,2025,1782,0.223906
pitcher_reverse,24509,2025,2464,0.20901
pitcher_reverse,24512,2025,749,0.273698
pitcher_reverse,24515,2025,154,0.298701
pitcher_reverse,24516,2025,131,0.412214
pitcher_reverse,24518,2025,86,0.27907
pitcher_reverse,24525,2025,111,0.234234
pitcher_reverse,24527,2025,1237,0.25869
pitcher_reverse,24531,2025,118,0.271186
pitcher_reverse,24533,2025,136,0.169118
pitcher_reverse,24535,2025,44,0.295455
pitcher_reverse,24537,2025,354,0.161017
pitcher_reverse,24540,2025,2428,0.165157
pitcher_reverse,24541,2025,2603,0.260085
pitcher_reverse,24544,2025,1411,0.303331
pitcher_reverse,24546,2025,881,0.298524
pitcher_reverse,24552,2025,84,0.214286
pitcher_reverse,24557,2025,12,0.25
pitcher_reverse,24559,2025,709,0.150917
pitcher_reverse,24560,2025,2397,0.226116
pitcher_reverse,24564,2025,32,0.25
pitcher_reverse,24565,2025,49,0.44898
pitcher_reverse,24566,2025,105,0.266667
pitcher_reverse,24568,2025,1310,0.203817
pitcher_reverse,24570,2025,2831,0.222183
pitcher_reverse,24571,2025,674,0.275964
pitcher_reverse,24572,2025,347,0.340058
pitcher_reverse,24573,2025,596,0.278523
pitcher_reverse,24577,2025,93,0.247312
pitcher_reverse,24579,2025,219,0.30137
pitcher_reverse,24580,2025,98,0.295918
pitcher_reverse,24585,2025,19,0.684211
pitcher_reverse,24587,2025,19,0.315789
pitcher_reverse,24591,2025,30,0.1
pitcher_reverse,24596,2025,124,0.241935
pitcher_reverse,24597,2025,18,0.444444
pitcher_reverse,24598,2025,68,0.441176
pitcher_reverse,24602,2025,40,0.25
pitcher_reverse,24604,2025,2598,0.156659
pitcher_reverse,24605,2025,23,0.434783
pitcher_reverse,24607,2025,1247,0.247795
pitcher_reverse,24608,2025,765,0.291503
pitcher_reverse,24609,2025,35,0.257143
pitcher_reverse,24618,2025,8,0.25
pitcher_reverse,24619,2025,2028,0.254438
pitcher_reverse,24621,2025,26,0.307692
pitcher_reverse,24622,2025,1052,0.241445
pitcher_reverse,24623,2025,1601,0.218613
pitcher_reverse,24624,2025,747,0.314592
pitcher_reverse,24625,2025,96,0.40625
pitcher_reverse,24626,2025,1462,0.322845
pitcher_reverse,24627,2025,1066,0.196998
pitcher_reverse,24629,2025,791,0.269279
pitcher_reverse,24631,2025,607,0.24547
pitcher_reverse,24633,2025,326,0.273006
