role,train_player_id,current_trackman_player_id,mapping_status
batter,20889,71184.0,confirmed_global_exact
batter,20946,70410.0,confirmed_global_exact
batter,20984,70756.0,confirmed_global_exact
batter,21131,71432.0,confirmed_global_exact
batter,21143,71752.0,confirmed_global_exact
batter,21170,71837.0,confirmed_global_exact
batter,21174,71842.0,confirmed_global_exact
batter,21241,72133.0,confirmed_global_exact
batter,21278,,conflict_reverse_multiple_train_ids
batter,21286,72443.0,confirmed_global_exact
batter,21288,72456.0,confirmed_global_exact
batter,21381,72546.0,confirmed_global_exact
batter,21398,73113.0,confirmed_global_exact
batter,21400,73136.0,confirmed_global_exact
batter,21401,73153.0,confirmed_global_exact
batter,21448,73209.0,confirmed_global_exact
batter,21458,73342.0,confirmed_global_exact
batter,21461,73306.0,confirmed_global_exact
batter,21511,73213.0,confirmed_global_exact
batter,21520,74163.0,confirmed_global_exact
batter,21577,74846.0,confirmed_global_exact
batter,21600,74729.0,confirmed_global_exact
batter,21616,74206.0,confirmed_global_exact
batter,21617,74215.0,confirmed_global_exact
batter,21627,74540.0,confirmed_global_exact
batter,21660,,conflict_reverse_multiple_train_ids
batter,21693,,conflict_reverse_multiple_train_ids
batter,21696,75847.0,confirmed_global_exact
batter,21708,75151.0,confirmed_global_exact
batter,21737,75566.0,confirmed_global_exact
batter,21786,76158.0,confirmed_global_exact
batter,21818,76232.0,confirmed_global_exact
batter,21821,76267.0,confirmed_global_exact
batter,21822,76249.0,confirmed_global_exact
batter,21831,76812.0,confirmed_global_exact
batter,21834,76802.0,confirmed_global_exact
batter,21835,76869.0,confirmed_global_exact
batter,21837,,conflict_multiple_trackman_ids
batter,21848,76720.0,confirmed_global_exact
batter,21851,76753.0,confirmed_global_exact
batter,21865,76509.0,confirmed_global_exact
batter,21892,76100.0,confirmed_global_exact
batter,21945,77243.0,confirmed_global_exact
batter,21947,77248.0,confirmed_global_exact
batter,21968,77564.0,confirmed_global_exact
batter,21980,77463.0,confirmed_global_exact
batter,21990,78548.0,confirmed_global_exact
batter,21992,78513.0,confirmed_global_exact
batter,21996,78135.0,confirmed_global_exact
batter,21999,78122.0,confirmed_global_exact
batter,22002,60100.0,confirmed_global_exact
batter,22006,78813.0,confirmed_global_exact
batter,22013,78224.0,confirmed_global_exact
batter,22016,78217.0,confirmed_global_exact
batter,22021,78629.0,confirmed_global_exact
batter,22025,78643.0,confirmed_global_exact
batter,22026,78603.0,confirmed_global_exact
batter,22038,78756.0,confirmed_global_exact
batter,22064,78566.0,confirmed_global_exact
batter,22066,77532.0,confirmed_global_exact
batter,22101,79198.0,confirmed_global_exact
batter,22102,79192.0,confirmed_global_exact
batter,22103,79109.0,confirmed_global_exact
batter,22104,79113.0,confirmed_global_exact
batter,22106,79150.0,confirmed_global_exact
batter,22109,79608.0,confirmed_global_exact
batter,22126,79240.0,confirmed_global_exact
batter,22127,79215.0,confirmed_global_exact
batter,22130,79231.0,confirmed_global_exact
batter,22132,79234.0,confirmed_global_exact
batter,22133,79402.0,confirmed_global_exact
batter,22137,79465.0,confirmed_global_exact
batter,22144,79334.0,confirmed_global_exact
batter,22146,79365.0,confirmed_global_exact
batter,22148,79300.0,confirmed_global_exact
batter,22160,79705.0,confirmed_global_exact
batter,22182,79456.0,confirmed_global_exact
batter,22208,,conflict_reverse_multiple_train_ids
batter,22221,60648.0,confirmed_global_exact
batter,22225,60605.0,confirmed_global_exact
batter,22238,60805.0,confirmed_global_exact
batter,22245,60558.0,confirmed_global_exact
batter,22258,60184.0,confirmed_global_exact
batter,22269,60523.0,confirmed_global_exact
batter,22281,61114.0,confirmed_global_exact
batter,22283,61102.0,confirmed_global_exact
batter,22284,61104.0,confirmed_global_exact
batter,22287,61186.0,confirmed_global_exact
batter,22288,61197.0,confirmed_global_exact
batter,22315,61404.0,confirmed_global_exact
batter,22322,61360.0,confirmed_global_exact
batter,22323,61353.0,confirmed_global_exact
batter,22332,61700.0,confirmed_global_exact
batter,22333,61743.0,confirmed_global_exact
batter,22344,61204.0,confirmed_global_exact
batter,22345,61208.0,confirmed_global_exact
batter,22353,61566.0,confirmed_global_exact
batter,22374,62164.0,confirmed_global_exact
batter,22379,62700.0,confirmed_global_exact
batter,22382,62797.0,confirmed_global_exact
batter,22392,62353.0,confirmed_global_exact
batter,22394,62356.0,confirmed_global_exact
batter,22396,62332.0,confirmed_global_exact
batter,22410,62404.0,confirmed_global_exact
batter,22416,62468.0,confirmed_global_exact
batter,22420,62556.0,confirmed_global_exact
batter,22424,62558.0,confirmed_global_exact
batter,22425,,unanchored_no_exact_evidence
batter,22429,62234.0,confirmed_global_exact
batter,22430,62244.0,confirmed_global_exact
batter,22432,62265.0,confirmed_global_exact
batter,22435,,unanchored_no_exact_evidence
batter,22436,62864.0,confirmed_global_exact
batter,22439,62893.0,confirmed_global_exact
batter,22442,62884.0,confirmed_global_exact
batter,22443,62895.0,confirmed_global_exact
batter,22454,76368.0,confirmed_global_exact
batter,22455,,conflict_multiple_trackman_ids
batter,22460,77654.0,confirmed_global_exact
batter,22468,63123.0,confirmed_global_exact
batter,22499,63339.0,confirmed_global_exact
batter,22500,78168.0,confirmed_global_exact
batter,22502,,conflict_multiple_trackman_ids
batter,22514,79290.0,confirmed_global_exact
batter,22521,63202.0,confirmed_global_exact
batter,22522,63257.0,confirmed_global_exact
batter,22523,63260.0,confirmed_global_exact
batter,22542,63722.0,confirmed_global_exact
batter,22553,63634.0,confirmed_global_exact
batter,22571,62409.0,confirmed_global_exact
batter,22574,63435.0,confirmed_global_exact
batter,22576,63450.0,confirmed_global_exact
batter,22605,62931.0,confirmed_global_exact
batter,22606,62907.0,confirmed_global_exact
batter,22607,62925.0,confirmed_global_exact
batter,22610,62947.0,confirmed_global_exact
batter,22611,62921.0,confirmed_global_exact
batter,22612,,conflict_multiple_trackman_ids
batter,22613,62917.0,confirmed_global_exact
batter,22621,63960.0,confirmed_global_exact
batter,22626,60566.0,confirmed_global_exact
batter,22628,63905.0,confirmed_global_exact
batter,22629,63903.0,confirmed_global_exact
batter,22632,,conflict_reverse_multiple_train_ids
batter,22660,62415.0,confirmed_global_exact
batter,22664,,conflict_reverse_multiple_train_ids
batter,22671,64300.0,confirmed_global_exact
batter,22674,63920.0,confirmed_global_exact
batter,22679,64499.0,confirmed_global_exact
batter,22682,61554.0,confirmed_global_exact
batter,22683,61366.0,confirmed_global_exact
batter,22684,64706.0,confirmed_global_exact
batter,22690,64560.0,confirmed_global_exact
batter,22693,64153.0,confirmed_global_exact
batter,22695,65132.0,confirmed_global_exact
batter,22696,65136.0,confirmed_global_exact
batter,22697,65115.0,confirmed_global_exact
batter,22709,64717.0,confirmed_global_exact
batter,22716,64944.0,confirmed_global_exact
batter,22719,64346.0,confirmed_global_exact
batter,22720,64001.0,confirmed_global_exact
batter,22725,64006.0,confirmed_global_exact
batter,22727,64004.0,confirmed_global_exact
batter,22728,64012.0,confirmed_global_exact
batter,22732,64007.0,confirmed_global_exact
batter,22733,63088.0,confirmed_global_exact
batter,22735,,unanchored_no_exact_evidence
batter,22736,65357.0,confirmed_global_exact
batter,22737,64117.0,confirmed_global_exact
batter,22739,64504.0,confirmed_global_exact
batter,22743,,unanchored_no_exact_evidence
batter,22745,63448.0,confirmed_global_exact
batter,22748,64086.0,confirmed_global_exact
batter,22749,65653.0,confirmed_global_exact
batter,22756,64468.0,confirmed_global_exact
batter,22758,64493.0,confirmed_global_exact
batter,22760,,unanchored_no_exact_evidence
batter,22762,79364.0,confirmed_global_exact
batter,22763,62908.0,confirmed_global_exact
batter,22766,64890.0,confirmed_global_exact
batter,22767,64895.0,confirmed_global_exact
batter,22768,63704.0,confirmed_global_exact
batter,22771,64115.0,confirmed_global_exact
batter,22773,65120.0,confirmed_global_exact
batter,22774,63360.0,confirmed_global_exact
batter,22775,65399.0,confirmed_global_exact
batter,22777,65040.0,confirmed_global_exact
batter,22779,64166.0,confirmed_global_exact
batter,22781,65506.0,confirmed_global_exact
batter,22800,64164.0,confirmed_global_exact
batter,22807,,conflict_multiple_trackman_ids
batter,22808,64101.0,confirmed_global_exact
batter,22809,,conflict_reverse_multiple_train_ids
batter,22811,,conflict_reverse_multiple_train_ids
batter,22813,66109.0,confirmed_global_exact
batter,22816,66108.0,confirmed_global_exact
batter,22817,64100.0,confirmed_global_exact
batter,22819,66162.0,confirmed_global_exact
batter,22822,64260.0,confirmed_global_exact
batter,22830,66203.0,confirmed_global_exact
batter,22831,65207.0,confirmed_global_exact
batter,22839,66209.0,confirmed_global_exact
batter,22841,64213.0,confirmed_global_exact
batter,22847,,unanchored_no_exact_evidence
batter,22852,65304.0,confirmed_global_exact
batter,22853,65898.0,confirmed_global_exact
batter,22857,,unanchored_no_exact_evidence
batter,22872,65362.0,confirmed_global_exact
batter,22882,64340.0,confirmed_global_exact
batter,22886,66354.0,confirmed_global_exact
batter,22893,65514.0,confirmed_global_exact
batter,22900,65503.0,confirmed_global_exact
batter,22901,,conflict_multiple_trackman_ids
batter,22902,66508.0,confirmed_global_exact
batter,22921,,unanchored_no_exact_evidence
batter,22924,,unanchored_no_exact_evidence
batter,22928,66614.0,confirmed_global_exact
batter,22934,66615.0,confirmed_global_exact
batter,22943,66662.0,confirmed_global_exact
batter,22950,66657.0,confirmed_global_exact
batter,22956,66606.0,confirmed_global_exact
batter,22959,,conflict_reverse_multiple_train_ids
batter,22963,66715.0,confirmed_global_exact
batter,22969,66707.0,confirmed_global_exact
batter,22970,65705.0,confirmed_global_exact
batter,22985,65703.0,confirmed_global_exact
batter,22986,,conflict_multiple_trackman_ids
batter,22995,66716.0,confirmed_global_exact
batter,23000,65412.0,confirmed_global_exact
batter,23001,65462.0,confirmed_global_exact
batter,23004,66462.0,confirmed_global_exact
batter,23008,66410.0,confirmed_global_exact
batter,23022,66409.0,confirmed_global_exact
batter,23028,63913.0,confirmed_global_exact
batter,23034,64906.0,confirmed_global_exact
batter,23040,64984.0,confirmed_global_exact
batter,23045,74465.0,confirmed_global_exact
batter,23049,65909.0,confirmed_global_exact
batter,23064,65905.0,confirmed_global_exact
batter,23068,65044.0,confirmed_global_exact
batter,23080,74339.0,confirmed_global_exact
batter,23089,66838.0,confirmed_global_exact
batter,23095,64898.0,confirmed_global_exact
batter,23108,65869.0,confirmed_global_exact
batter,23111,,unanchored_no_exact_evidence
batter,23113,,conflict_reverse_multiple_train_ids
batter,23116,65464.0,confirmed_global_exact
batter,23121,64724.0,confirmed_global_exact
batter,23132,66749.0,confirmed_global_exact
batter,23134,66704.0,confirmed_global_exact
batter,23138,66803.0,confirmed_global_exact
batter,23143,66864.0,confirmed_global_exact
batter,23144,66833.0,confirmed_global_exact
batter,23146,63895.0,confirmed_global_exact
batter,23147,66807.0,confirmed_global_exact
batter,23153,578268.0,confirmed_global_exact
batter,23179,65269.0,confirmed_global_exact
batter,23180,66202.0,confirmed_global_exact
batter,23186,66233.0,confirmed_global_exact
batter,23187,66207.0,confirmed_global_exact
batter,23188,64022.0,confirmed_global_exact
batter,23189,66504.0,confirmed_global_exact
batter,23193,66917.0,confirmed_global_exact
batter,23195,66965.0,confirmed_global_exact
batter,23197,66928.0,confirmed_global_exact
batter,23200,66968.0,confirmed_global_exact
batter,23205,66963.0,confirmed_global_exact
batter,23212,66802.0,confirmed_global_exact
batter,23225,67119.0,confirmed_global_exact
batter,23227,67169.0,confirmed_global_exact
batter,23228,,unanchored_no_exact_evidence
batter,23234,,conflict_multiple_trackman_ids
batter,23241,67202.0,confirmed_global_exact
batter,23242,67265.0,confirmed_global_exact
batter,23243,67207.0,confirmed_global_exact
batter,23244,64266.0,confirmed_global_exact
batter,23250,67206.0,confirmed_global_exact
batter,23252,67209.0,confirmed_global_exact
batter,23253,64209.0,confirmed_global_exact
batter,23262,67944.0,confirmed_global_exact
batter,23263,67993.0,confirmed_global_exact
batter,23264,67900.0,confirmed_global_exact
batter,23266,67991.0,confirmed_global_exact
batter,23274,67905.0,confirmed_global_exact
batter,23281,67304.0,confirmed_global_exact
batter,23282,67341.0,confirmed_global_exact
batter,23290,67363.0,confirmed_global_exact
batter,23298,67644.0,confirmed_global_exact
batter,23299,63636.0,confirmed_global_exact
batter,23300,67610.0,confirmed_global_exact
batter,23309,67611.0,confirmed_global_exact
batter,23317,,unanchored_no_exact_evidence
batter,23318,62802.0,confirmed_global_exact
batter,23319,67893.0,confirmed_global_exact
batter,23321,61869.0,confirmed_global_exact
batter,23329,67803.0,confirmed_global_exact
batter,23330,67807.0,confirmed_global_exact
batter,23341,67760.0,confirmed_global_exact
batter,23346,,conflict_reverse_multiple_train_ids
batter,23347,67539.0,confirmed_global_exact
batter,23348,,conflict_multiple_trackman_ids
batter,23349,67504.0,confirmed_global_exact
batter,23352,,unanchored_no_exact_evidence
batter,23357,67568.0,confirmed_global_exact
batter,23358,67563.0,confirmed_global_exact
batter,23366,67454.0,confirmed_global_exact
batter,23367,67449.0,confirmed_global_exact
batter,23373,67412.0,confirmed_global_exact
batter,23377,67405.0,confirmed_global_exact
batter,23380,,unanchored_no_exact_evidence
batter,23387,65096.0,confirmed_global_exact
batter,23388,,unanchored_no_exact_evidence
batter,23395,67063.0,confirmed_global_exact
batter,23396,67006.0,confirmed_global_exact
batter,23401,67016.0,confirmed_global_exact
batter,23404,573131.0,confirmed_global_exact
batter,23405,66406.0,confirmed_global_exact
batter,23407,,conflict_multiple_trackman_ids
batter,23408,62025.0,confirmed_global_exact
batter,23410,457449.0,confirmed_global_exact
batter,23413,592692.0,confirmed_global_exact
batter,23418,65109.0,confirmed_global_exact
batter,23420,76290.0,confirmed_global_exact
batter,23425,68100.0,confirmed_global_exact
batter,23427,68106.0,confirmed_global_exact
batter,23429,68109.0,confirmed_global_exact
batter,23430,,conflict_reverse_multiple_train_ids
batter,23432,68117.0,confirmed_global_exact
batter,23433,68119.0,confirmed_global_exact
batter,23435,68302.0,confirmed_global_exact
batter,23436,68330.0,confirmed_global_exact
batter,23442,68346.0,confirmed_global_exact
batter,23443,75125.0,confirmed_global_exact
batter,23444,68362.0,confirmed_global_exact
batter,23448,,unanchored_no_exact_evidence
batter,23450,68304.0,confirmed_global_exact
batter,23452,68305.0,confirmed_global_exact
batter,23455,68556.0,confirmed_global_exact
batter,23463,68518.0,confirmed_global_exact
batter,23464,65586.0,confirmed_global_exact
batter,23465,68525.0,confirmed_global_exact
batter,23466,68504.0,confirmed_global_exact
batter,23467,63593.0,confirmed_global_exact
batter,23469,63558.0,confirmed_global_exact
batter,23470,68507.0,confirmed_global_exact
batter,23471,76313.0,confirmed_global_exact
batter,23472,64014.0,confirmed_global_exact
batter,23474,64011.0,confirmed_global_exact
batter,23476,68050.0,confirmed_global_exact
batter,23481,68069.0,confirmed_global_exact
batter,23482,68087.0,confirmed_global_exact
batter,23483,68089.0,confirmed_global_exact
batter,23486,67094.0,confirmed_global_exact
batter,23487,68096.0,confirmed_global_exact
batter,23492,68002.0,confirmed_global_exact
batter,23493,68003.0,confirmed_global_exact
batter,23495,,unanchored_no_exact_evidence
batter,23505,68646.0,confirmed_global_exact
batter,23507,68614.0,confirmed_global_exact
batter,23508,64657.0,confirmed_global_exact
batter,23521,60288.0,confirmed_global_exact
batter,23523,,unanchored_no_exact_evidence
batter,23524,64410.0,confirmed_global_exact
batter,23525,64407.0,confirmed_global_exact
batter,23526,68463.0,confirmed_global_exact
batter,23527,68416.0,confirmed_global_exact
batter,23529,64469.0,confirmed_global_exact
batter,23531,68466.0,confirmed_global_exact
batter,23546,68869.0,confirmed_global_exact
batter,23547,,unanchored_no_exact_evidence
batter,23548,64803.0,confirmed_global_exact
batter,23549,68868.0,confirmed_global_exact
batter,23551,68805.0,confirmed_global_exact
batter,23552,68205.0,confirmed_global_exact
batter,23553,79530.0,confirmed_global_exact
batter,23562,63559.0,confirmed_global_exact
batter,23563,,unanchored_no_exact_evidence
batter,23574,68701.0,confirmed_global_exact
batter,23576,,unanchored_no_exact_evidence
batter,23578,,conflict_reverse_multiple_train_ids
batter,23579,68707.0,confirmed_global_exact
batter,23582,,conflict_multiple_trackman_ids
batter,23583,66706.0,confirmed_global_exact
batter,23584,68700.0,confirmed_global_exact
batter,23586,68709.0,confirmed_global_exact
batter,23602,68912.0,confirmed_global_exact
batter,23604,62537.0,confirmed_global_exact
batter,23605,,conflict_reverse_multiple_train_ids
batter,23606,68904.0,confirmed_global_exact
batter,23608,68909.0,confirmed_global_exact
batter,23612,68901.0,confirmed_global_exact
batter,23614,,unanchored_no_exact_evidence
batter,23625,543742.0,confirmed_global_exact
batter,23626,63440.0,confirmed_global_exact
batter,23635,571830.0,confirmed_global_exact
batter,23637,,unanchored_no_exact_evidence
batter,23639,69102.0,confirmed_global_exact
batter,23641,,conflict_multiple_trackman_ids
batter,23645,69100.0,confirmed_global_exact
batter,23646,64646.0,confirmed_global_exact
batter,23649,571757.0,confirmed_global_exact
batter,23657,69627.0,confirmed_global_exact
batter,23658,69628.0,confirmed_global_exact
batter,23661,,unanchored_no_exact_evidence
batter,23662,69636.0,confirmed_global_exact
batter,23663,62668.0,confirmed_global_exact
batter,23664,65610.0,confirmed_global_exact
batter,23666,64602.0,confirmed_global_exact
batter,23667,,conflict_multiple_trackman_ids
batter,23668,,unanchored_no_exact_evidence
batter,23669,65515.0,confirmed_global_exact
batter,23670,64501.0,confirmed_global_exact
batter,23671,69530.0,confirmed_global_exact
batter,23675,69592.0,confirmed_global_exact
batter,23677,69500.0,confirmed_global_exact
batter,23680,,unanchored_no_exact_evidence
batter,23681,69508.0,confirmed_global_exact
batter,23683,69512.0,confirmed_global_exact
batter,23685,69517.0,confirmed_global_exact
batter,23686,69518.0,confirmed_global_exact
batter,23687,628336.0,confirmed_global_exact
batter,23688,63700.0,confirmed_global_exact
batter,23691,69727.0,confirmed_global_exact
batter,23692,,unanchored_no_exact_evidence
batter,23693,69737.0,confirmed_global_exact
batter,23698,69766.0,confirmed_global_exact
batter,23700,63703.0,confirmed_global_exact
batter,23701,64704.0,confirmed_global_exact
batter,23702,69702.0,confirmed_global_exact
batter,23705,69705.0,confirmed_global_exact
batter,23706,69706.0,confirmed_global_exact
batter,23711,,unanchored_no_exact_evidence
batter,23712,69403.0,confirmed_global_exact
batter,23715,69428.0,confirmed_global_exact
batter,23718,,conflict_multiple_trackman_ids
batter,23720,69453.0,confirmed_global_exact
batter,23723,69416.0,confirmed_global_exact
batter,23724,69418.0,confirmed_global_exact
batter,23726,68407.0,confirmed_global_exact
batter,23728,68211.0,confirmed_global_exact
batter,23732,69214.0,confirmed_global_exact
batter,23733,69203.0,confirmed_global_exact
batter,23734,68204.0,confirmed_global_exact
batter,23735,69238.0,confirmed_global_exact
batter,23739,69207.0,confirmed_global_exact
batter,23742,69210.0,confirmed_global_exact
batter,23746,69394.0,confirmed_global_exact
batter,23750,69332.0,confirmed_global_exact
batter,23752,69366.0,confirmed_global_exact
batter,23753,69363.0,confirmed_global_exact
batter,23755,69393.0,confirmed_global_exact
batter,23756,69305.0,confirmed_global_exact
batter,23757,69306.0,confirmed_global_exact
batter,23759,69813.0,confirmed_global_exact
batter,23760,69825.0,confirmed_global_exact
batter,23762,,unanchored_no_exact_evidence
batter,23763,69860.0,confirmed_global_exact
batter,23768,69950.0,confirmed_global_exact
batter,23771,,unanchored_no_exact_evidence
batter,23773,69980.0,confirmed_global_exact
batter,23776,69992.0,confirmed_global_exact
batter,23778,69995.0,confirmed_global_exact
batter,23780,69900.0,confirmed_global_exact
batter,23788,69056.0,confirmed_global_exact
batter,23789,69064.0,confirmed_global_exact
batter,23791,69055.0,confirmed_global_exact
batter,23793,,unanchored_no_exact_evidence
batter,23797,,unanchored_no_exact_evidence
batter,23798,,unanchored_no_exact_evidence
batter,23799,,unanchored_no_exact_evidence
batter,23802,,unanchored_no_exact_evidence
batter,23803,,unanchored_no_exact_evidence
batter,23805,,unanchored_no_exact_evidence
batter,23810,,unanchored_no_exact_evidence
batter,23811,,unanchored_no_exact_evidence
batter,23817,,unanchored_no_exact_evidence
batter,23835,69802.0,confirmed_global_exact
batter,23836,69809.0,confirmed_global_exact
batter,23837,69805.0,confirmed_global_exact
batter,23838,69810.0,confirmed_global_exact
batter,23839,69804.0,confirmed_global_exact
batter,23840,69652.0,confirmed_global_exact
batter,23841,607111.0,confirmed_global_exact
batter,23842,519295.0,confirmed_global_exact
batter,23844,451713.0,confirmed_global_exact
batter,23845,,unanchored_no_exact_evidence
batter,23846,,unanchored_no_exact_evidence
batter,23847,607776.0,confirmed_global_exact
batter,23849,,unanchored_no_exact_evidence
batter,23851,50116.0,confirmed_global_exact
batter,23854,50167.0,confirmed_global_exact
batter,23855,50150.0,confirmed_global_exact
batter,23859,,conflict_reverse_multiple_train_ids
batter,23861,50110.0,confirmed_global_exact
batter,23864,,conflict_multiple_trackman_ids
batter,23865,657733.0,confirmed_global_exact
batter,23875,,conflict_multiple_trackman_ids
batter,23876,,unanchored_no_exact_evidence
batter,23877,50414.0,confirmed_global_exact
batter,23878,,unanchored_no_exact_evidence
batter,23881,573135.0,confirmed_global_exact
batter,23882,553988.0,confirmed_global_exact
batter,23883,,unanchored_no_exact_evidence
batter,23890,50507.0,confirmed_global_exact
batter,23896,50500.0,confirmed_global_exact
batter,23899,50840.0,confirmed_global_exact
batter,23900,50848.0,confirmed_global_exact
batter,23901,50854.0,confirmed_global_exact
batter,23905,50819.0,confirmed_global_exact
batter,23906,50868.0,confirmed_global_exact
batter,23907,50816.0,confirmed_global_exact
batter,23911,50820.0,confirmed_global_exact
batter,23912,50818.0,confirmed_global_exact
batter,23913,50817.0,confirmed_global_exact
batter,23918,50657.0,confirmed_global_exact
batter,23919,50600.0,confirmed_global_exact
batter,23926,50608.0,confirmed_global_exact
batter,23937,50713.0,confirmed_global_exact
batter,23938,50704.0,confirmed_global_exact
batter,23939,50707.0,confirmed_global_exact
batter,23940,50709.0,confirmed_global_exact
batter,23941,50714.0,confirmed_global_exact
batter,23945,50204.0,confirmed_global_exact
batter,23946,50244.0,confirmed_global_exact
batter,23948,50202.0,confirmed_global_exact
batter,23949,,conflict_multiple_trackman_ids
batter,23953,,unanchored_no_exact_evidence
batter,23957,50208.0,confirmed_global_exact
batter,23958,50209.0,confirmed_global_exact
batter,23960,,unanchored_no_exact_evidence
batter,23961,571437.0,confirmed_global_exact
batter,23965,50996.0,confirmed_global_exact
batter,23970,50902.0,confirmed_global_exact
batter,23971,50903.0,confirmed_global_exact
batter,23974,50906.0,confirmed_global_exact
batter,23975,50304.0,confirmed_global_exact
batter,23976,50312.0,confirmed_global_exact
batter,23978,50357.0,confirmed_global_exact
batter,23980,578628.0,confirmed_global_exact
batter,23981,,unanchored_no_exact_evidence
batter,23983,50394.0,confirmed_global_exact
batter,23986,600301.0,confirmed_global_exact
batter,23989,50066.0,confirmed_global_exact
batter,23990,50054.0,confirmed_global_exact
batter,23991,,unanchored_no_exact_evidence
batter,23992,50092.0,confirmed_global_exact
batter,23993,50093.0,confirmed_global_exact
batter,23995,50096.0,confirmed_global_exact
batter,23996,50007.0,confirmed_global_exact
batter,24000,50011.0,confirmed_global_exact
batter,24002,,unanchored_no_exact_evidence
batter,24003,,unanchored_no_exact_evidence
batter,24004,,unanchored_no_exact_evidence
batter,24005,488681.0,confirmed_global_exact
batter,24006,50214.0,confirmed_global_exact
batter,24007,608365.0,confirmed_global_exact
batter,24008,594953.0,confirmed_global_exact
batter,24009,643603.0,confirmed_global_exact
batter,24010,51100.0,confirmed_global_exact
batter,24014,51103.0,confirmed_global_exact
batter,24016,51106.0,confirmed_global_exact
batter,24019,51112.0,confirmed_global_exact
batter,24022,,conflict_multiple_trackman_ids
batter,24023,501660.0,confirmed_global_exact
batter,24024,51013.0,confirmed_global_exact
batter,24029,,unanchored_no_exact_evidence
batter,24031,51005.0,confirmed_global_exact
batter,24033,51008.0,confirmed_global_exact
batter,24034,51009.0,confirmed_global_exact
batter,24035,51006.0,confirmed_global_exact
batter,24040,51551.0,confirmed_global_exact
batter,24041,51528.0,confirmed_global_exact
batter,24046,51560.0,confirmed_global_exact
batter,24049,51574.0,confirmed_global_exact
batter,24050,51868.0,confirmed_global_exact
batter,24054,51865.0,confirmed_global_exact
batter,24057,51860.0,confirmed_global_exact
batter,24058,51803.0,confirmed_global_exact
batter,24061,51805.0,confirmed_global_exact
batter,24066,51466.0,confirmed_global_exact
batter,24067,51468.0,confirmed_global_exact
batter,24068,51403.0,confirmed_global_exact
batter,24071,51407.0,confirmed_global_exact
batter,24072,51417.0,confirmed_global_exact
batter,24074,517369.0,confirmed_global_exact
batter,24075,51907.0,confirmed_global_exact
batter,24077,51991.0,confirmed_global_exact
batter,24079,51996.0,confirmed_global_exact
batter,24080,,unanchored_no_exact_evidence
batter,24082,51903.0,confirmed_global_exact
batter,24086,51359.0,confirmed_global_exact
batter,24087,51344.0,confirmed_global_exact
batter,24090,51302.0,confirmed_global_exact
batter,24091,51303.0,confirmed_global_exact
batter,24092,51304.0,confirmed_global_exact
batter,24093,51305.0,confirmed_global_exact
batter,24095,,conflict_reverse_multiple_train_ids
batter,24096,,unanchored_no_exact_evidence
batter,24098,51203.0,confirmed_global_exact
batter,24101,51269.0,confirmed_global_exact
batter,24103,51295.0,confirmed_global_exact
batter,24106,51298.0,confirmed_global_exact
batter,24108,51200.0,confirmed_global_exact
batter,24114,51205.0,confirmed_global_exact
batter,24119,51640.0,confirmed_global_exact
batter,24120,51605.0,confirmed_global_exact
batter,24121,,unanchored_no_exact_evidence
batter,24122,51603.0,confirmed_global_exact
batter,24123,,unanchored_no_exact_evidence
batter,24124,51604.0,confirmed_global_exact
batter,24127,,unanchored_no_exact_evidence
batter,24128,51764.0,confirmed_global_exact
batter,24130,51767.0,confirmed_global_exact
batter,24132,51762.0,confirmed_global_exact
batter,24134,51701.0,confirmed_global_exact
batter,24137,51704.0,confirmed_global_exact
batter,24139,592387.0,confirmed_global_exact
batter,24141,51707.0,confirmed_global_exact
batter,24142,51708.0,confirmed_global_exact
batter,24143,571679.0,confirmed_global_exact
batter,24144,425783.0,confirmed_global_exact
batter,24145,51706.0,confirmed_global_exact
batter,24148,571506.0,confirmed_global_exact
batter,24149,643269.0,confirmed_global_exact
batter,24150,541650.0,confirmed_global_exact
batter,24155,,conflict_reverse_multiple_train_ids
batter,24158,52103.0,confirmed_global_exact
batter,24159,52105.0,confirmed_global_exact
batter,24160,52121.0,confirmed_global_exact
batter,24162,52124.0,confirmed_global_exact
batter,24163,547004.0,confirmed_global_exact
batter,24171,52803.0,confirmed_global_exact
batter,24174,52805.0,confirmed_global_exact
batter,24175,52804.0,confirmed_global_exact
batter,24176,52807.0,confirmed_global_exact
batter,24177,605196.0,confirmed_global_exact
batter,24180,52348.0,confirmed_global_exact
batter,24186,52398.0,confirmed_global_exact
batter,24187,52301.0,confirmed_global_exact
batter,24188,,unanchored_no_exact_evidence
batter,24189,,unanchored_no_exact_evidence
batter,24190,,unanchored_no_exact_evidence
batter,24191,52305.0,confirmed_global_exact
batter,24194,624577.0,confirmed_global_exact
batter,24195,,unanchored_no_exact_evidence
batter,24200,,unanchored_no_exact_evidence
batter,24204,,unanchored_no_exact_evidence
batter,24206,52906.0,confirmed_global_exact
batter,24207,605361.0,confirmed_global_exact
batter,24210,52516.0,confirmed_global_exact
batter,24212,52591.0,confirmed_global_exact
batter,24213,,unanchored_no_exact_evidence
batter,24214,52568.0,confirmed_global_exact
batter,24215,,conflict_multiple_trackman_ids
batter,24216,,unanchored_no_exact_evidence
batter,24217,,unanchored_no_exact_evidence
batter,24218,,unanchored_no_exact_evidence
batter,24219,52514.0,confirmed_global_exact
batter,24220,,unanchored_no_exact_evidence
batter,24221,656847.0,confirmed_global_exact
batter,24225,52267.0,confirmed_global_exact
batter,24227,52294.0,confirmed_global_exact
batter,24230,52210.0,confirmed_global_exact
batter,24232,,unanchored_no_exact_evidence
batter,24233,,unanchored_no_exact_evidence
batter,24235,52208.0,confirmed_global_exact
batter,24236,52209.0,confirmed_global_exact
batter,24238,,unanchored_no_exact_evidence
batter,24242,52764.0,confirmed_global_exact
batter,24243,52765.0,confirmed_global_exact
batter,24245,666247.0,confirmed_global_exact
batter,24250,,unanchored_no_exact_evidence
batter,24251,643565.0,confirmed_global_exact
batter,24255,52001.0,confirmed_global_exact
batter,24260,52002.0,confirmed_global_exact
batter,24263,592656.0,confirmed_global_exact
batter,24264,52605.0,confirmed_global_exact
batter,24266,52667.0,confirmed_global_exact
batter,24270,593647.0,confirmed_global_exact
batter,24272,52415.0,confirmed_global_exact
batter,24273,52430.0,confirmed_global_exact
batter,24274,52424.0,confirmed_global_exact
batter,24278,52405.0,confirmed_global_exact
batter,24280,52402.0,confirmed_global_exact
batter,24282,,unanchored_no_exact_evidence
batter,24284,,unanchored_no_exact_evidence
batter,24287,52628.0,confirmed_global_exact
batter,24288,,unanchored_no_exact_evidence
batter,24290,52634.0,confirmed_global_exact
batter,24292,,unanchored_no_exact_evidence
batter,24295,,unanchored_no_exact_evidence
batter,24296,52704.0,confirmed_global_exact
batter,24297,52705.0,confirmed_global_exact
batter,24299,52710.0,confirmed_global_exact
batter,24301,546990.0,confirmed_global_exact
batter,24302,,unanchored_no_exact_evidence
batter,24304,596825.0,confirmed_global_exact
batter,24308,501571.0,confirmed_global_exact
batter,24309,676646.0,confirmed_global_exact
batter,24315,53992.0,confirmed_global_exact
batter,24316,53991.0,confirmed_global_exact
batter,24325,53990.0,confirmed_global_exact
batter,24326,641829.0,confirmed_global_exact
batter,24331,53293.0,confirmed_global_exact
batter,24332,53296.0,confirmed_global_exact
batter,24335,53204.0,confirmed_global_exact
batter,24336,53205.0,confirmed_global_exact
batter,24341,670351.0,confirmed_global_exact
batter,24342,53144.0,confirmed_global_exact
batter,24345,53160.0,confirmed_global_exact
batter,24348,53168.0,confirmed_global_exact
batter,24350,53105.0,confirmed_global_exact
batter,24351,,unanchored_no_exact_evidence
batter,24352,53104.0,confirmed_global_exact
batter,24353,53103.0,confirmed_global_exact
batter,24354,621573.0,confirmed_global_exact
batter,24356,53764.0,confirmed_global_exact
batter,24357,53795.0,confirmed_global_exact
batter,24359,,unanchored_no_exact_evidence
batter,24362,53705.0,confirmed_global_exact
batter,24366,53710.0,confirmed_global_exact
batter,24368,53715.0,confirmed_global_exact
batter,24371,657434.0,confirmed_global_exact
batter,24372,53554.0,confirmed_global_exact
batter,24375,53568.0,confirmed_global_exact
batter,24379,,unanchored_no_exact_evidence
batter,24381,53598.0,confirmed_global_exact
batter,24382,53505.0,confirmed_global_exact
batter,24383,53569.0,confirmed_global_exact
batter,24385,53587.0,confirmed_global_exact
batter,24386,53597.0,confirmed_global_exact
batter,24390,53659.0,confirmed_global_exact
batter,24396,53618.0,confirmed_global_exact
batter,24397,53619.0,confirmed_global_exact
batter,24398,53312.0,confirmed_global_exact
batter,24400,53344.0,confirmed_global_exact
batter,24402,53302.0,confirmed_global_exact
batter,24403,53303.0,confirmed_global_exact
batter,24404,53304.0,confirmed_global_exact
batter,24405,,conflict_multiple_trackman_ids
batter,24406,,unanchored_no_exact_evidence
batter,24407,53307.0,confirmed_global_exact
batter,24408,53308.0,confirmed_global_exact
batter,24409,53309.0,confirmed_global_exact
batter,24413,53400.0,confirmed_global_exact
batter,24416,53460.0,confirmed_global_exact
batter,24418,53404.0,confirmed_global_exact
batter,24419,,unanchored_no_exact_evidence
batter,24421,53416.0,confirmed_global_exact
batter,24426,53058.0,confirmed_global_exact
batter,24427,53057.0,confirmed_global_exact
batter,24430,53036.0,confirmed_global_exact
batter,24437,,unanchored_no_exact_evidence
batter,24438,,unanchored_no_exact_evidence
batter,24439,628338.0,confirmed_global_exact
batter,24442,53844.0,confirmed_global_exact
batter,24443,53865.0,confirmed_global_exact
batter,24445,53893.0,confirmed_global_exact
batter,24448,53803.0,confirmed_global_exact
batter,24457,53611.0,confirmed_global_exact
batter,24458,53610.0,confirmed_global_exact
batter,24462,608384.0,confirmed_global_exact
batter,24464,592348.0,confirmed_global_exact
batter,24466,669008.0,confirmed_global_exact
batter,24470,54567.0,confirmed_global_exact
batter,24471,54598.0,confirmed_global_exact
batter,24472,54512.0,confirmed_global_exact
batter,24473,,unanchored_no_exact_evidence
batter,24474,54511.0,confirmed_global_exact
batter,24475,54507.0,confirmed_global_exact
batter,24476,54509.0,confirmed_global_exact
batter,24479,54166.0,confirmed_global_exact
batter,24480,54156.0,confirmed_global_exact
batter,24481,54164.0,confirmed_global_exact
batter,24489,54107.0,confirmed_global_exact
batter,24490,54108.0,confirmed_global_exact
batter,24491,54110.0,confirmed_global_exact
batter,24492,54112.0,confirmed_global_exact
batter,24493,54116.0,confirmed_global_exact
batter,24496,54805.0,confirmed_global_exact
batter,24497,54806.0,confirmed_global_exact
batter,24500,54812.0,confirmed_global_exact
batter,24501,,conflict_reverse_multiple_train_ids
batter,24503,54814.0,confirmed_global_exact
batter,24505,,unanchored_no_exact_evidence
batter,24507,54813.0,confirmed_global_exact
batter,24510,571602.0,confirmed_global_exact
batter,24517,54905.0,confirmed_global_exact
batter,24520,54908.0,confirmed_global_exact
batter,24521,54909.0,confirmed_global_exact
batter,24526,,conflict_reverse_multiple_train_ids
batter,24528,54205.0,confirmed_global_exact
batter,24529,54236.0,confirmed_global_exact
batter,24530,54268.0,confirmed_global_exact
batter,24532,54214.0,confirmed_global_exact
batter,24534,,conflict_reverse_multiple_train_ids
batter,24536,54219.0,confirmed_global_exact
batter,24542,676950.0,confirmed_global_exact
batter,24543,53717.0,confirmed_global_exact
batter,24545,666632.0,confirmed_global_exact
batter,24547,54794.0,confirmed_global_exact
batter,24548,54795.0,confirmed_global_exact
batter,24551,,unanchored_no_exact_evidence
batter,24554,54710.0,confirmed_global_exact
batter,24558,54708.0,confirmed_global_exact
batter,24562,54644.0,confirmed_global_exact
batter,24567,54305.0,confirmed_global_exact
batter,24569,54344.0,confirmed_global_exact
batter,24574,54394.0,confirmed_global_exact
batter,24575,,unanchored_no_exact_evidence
batter,24578,54303.0,confirmed_global_exact
batter,24581,54306.0,confirmed_global_exact
batter,24582,54307.0,confirmed_global_exact
batter,24583,,unanchored_no_exact_evidence
batter,24584,,conflict_reverse_multiple_train_ids
batter,24588,,conflict_multiple_trackman_ids
batter,24589,54506.0,confirmed_global_exact
batter,24590,54460.0,confirmed_global_exact
batter,24593,54408.0,confirmed_global_exact
batter,24594,54411.0,confirmed_global_exact
batter,24595,54410.0,confirmed_global_exact
batter,24601,,unanchored_no_exact_evidence
batter,24603,54614.0,confirmed_global_exact
batter,24612,,unanchored_no_exact_evidence
batter,24613,,unanchored_no_exact_evidence
batter,24616,54097.0,confirmed_global_exact
batter,24620,54123.0,confirmed_global_exact
batter,24628,665180.0,confirmed_global_exact
batter,24630,676724.0,confirmed_global_exact
batter,24632,650331.0,confirmed_global_exact
pitcher,20700,99445.0,confirmed_global_exact
pitcher,20938,70425.0,confirmed_global_exact
pitcher,21095,71118.0,confirmed_global_exact
pitcher,21170,71837.0,confirmed_global_exact
pitcher,21178,71845.0,confirmed_global_exact
pitcher,21279,72447.0,confirmed_global_exact
pitcher,21372,72523.0,confirmed_global_exact
pitcher,21402,73117.0,confirmed_global_exact
pitcher,21414,73738.0,confirmed_global_exact
pitcher,21415,73750.0,confirmed_global_exact
pitcher,21432,73801.0,confirmed_global_exact
pitcher,21441,73211.0,confirmed_global_exact
pitcher,21549,74454.0,confirmed_global_exact
pitcher,21558,74359.0,confirmed_global_exact
pitcher,21571,74838.0,confirmed_global_exact
pitcher,21587,74731.0,confirmed_global_exact
pitcher,21588,74748.0,confirmed_global_exact
pitcher,21595,74630.0,confirmed_global_exact
pitcher,21622,74513.0,confirmed_global_exact
pitcher,21624,74543.0,confirmed_global_exact
pitcher,21654,75342.0,confirmed_global_exact
pitcher,21690,75867.0,confirmed_global_exact
pitcher,21699,75138.0,confirmed_global_exact
pitcher,21733,75250.0,confirmed_global_exact
pitcher,21754,75258.0,confirmed_global_exact
pitcher,21789,76430.0,confirmed_global_exact
pitcher,21795,76455.0,confirmed_global_exact
pitcher,21813,76225.0,confirmed_global_exact
pitcher,21830,76858.0,confirmed_global_exact
pitcher,21840,76757.0,confirmed_global_exact
pitcher,21857,,unanchored_no_exact_evidence
pitcher,21874,76355.0,confirmed_global_exact
pitcher,21875,76329.0,confirmed_global_exact
pitcher,21916,77446.0,confirmed_global_exact
pitcher,21936,77318.0,confirmed_global_exact
pitcher,21940,,conflict_reverse_multiple_train_ids
pitcher,21943,77263.0,confirmed_global_exact
pitcher,21955,77829.0,confirmed_global_exact
pitcher,21961,77637.0,confirmed_global_exact
pitcher,21978,77591.0,confirmed_global_exact
pitcher,21991,78517.0,confirmed_global_exact
pitcher,21994,60559.0,confirmed_global_exact
pitcher,21998,78148.0,confirmed_global_exact
pitcher,22007,78819.0,confirmed_global_exact
pitcher,22015,78247.0,confirmed_global_exact
pitcher,22028,78352.0,confirmed_global_exact
pitcher,22029,78366.0,confirmed_global_exact
pitcher,22094,79140.0,confirmed_global_exact
pitcher,22099,79130.0,confirmed_global_exact
pitcher,22110,79617.0,confirmed_global_exact
pitcher,22118,79847.0,confirmed_global_exact
pitcher,22123,79825.0,confirmed_global_exact
pitcher,22131,79229.0,confirmed_global_exact
pitcher,22136,79440.0,confirmed_global_exact
pitcher,22143,79358.0,confirmed_global_exact
pitcher,22154,79545.0,confirmed_global_exact
pitcher,22156,79535.0,confirmed_global_exact
pitcher,22163,79764.0,confirmed_global_exact
pitcher,22180,79293.0,confirmed_global_exact
pitcher,22192,60841.0,confirmed_global_exact
pitcher,22201,60339.0,confirmed_global_exact
pitcher,22203,60255.0,confirmed_global_exact
pitcher,22205,60336.0,confirmed_global_exact
pitcher,22220,60634.0,confirmed_global_exact
pitcher,22231,60768.0,confirmed_global_exact
pitcher,22233,60757.0,confirmed_global_exact
pitcher,22234,60845.0,confirmed_global_exact
pitcher,22249,60263.0,confirmed_global_exact
pitcher,22250,60264.0,confirmed_global_exact
pitcher,22253,60140.0,confirmed_global_exact
pitcher,22254,60146.0,confirmed_global_exact
pitcher,22261,60181.0,confirmed_global_exact
pitcher,22277,61101.0,confirmed_global_exact
pitcher,22278,61145.0,confirmed_global_exact
pitcher,22280,61156.0,confirmed_global_exact
pitcher,22292,61666.0,confirmed_global_exact
pitcher,22293,61643.0,confirmed_global_exact
pitcher,22302,60337.0,confirmed_global_exact
pitcher,22305,,unanchored_no_exact_evidence
pitcher,22309,61456.0,confirmed_global_exact
pitcher,22311,61457.0,confirmed_global_exact
pitcher,22312,61411.0,confirmed_global_exact
pitcher,22318,61365.0,confirmed_global_exact
pitcher,22321,61329.0,confirmed_global_exact
pitcher,22332,61700.0,confirmed_global_exact
pitcher,22335,61214.0,confirmed_global_exact
pitcher,22345,61208.0,confirmed_global_exact
pitcher,22349,61565.0,confirmed_global_exact
pitcher,22368,62146.0,confirmed_global_exact
pitcher,22372,,unanchored_no_exact_evidence
pitcher,22380,62754.0,confirmed_global_exact
pitcher,22389,62363.0,confirmed_global_exact
pitcher,22397,62360.0,confirmed_global_exact
pitcher,22404,62655.0,confirmed_global_exact
pitcher,22414,,unanchored_no_exact_evidence
pitcher,22419,62528.0,confirmed_global_exact
pitcher,22427,62242.0,confirmed_global_exact
pitcher,22428,62263.0,confirmed_global_exact
pitcher,22435,62869.0,confirmed_global_exact
pitcher,22458,464400.0,confirmed_global_exact
pitcher,22469,63145.0,confirmed_global_exact
pitcher,22473,63138.0,confirmed_global_exact
pitcher,22478,63103.0,confirmed_global_exact
pitcher,22487,63111.0,confirmed_global_exact
pitcher,22491,75340.0,confirmed_global_exact
pitcher,22505,63348.0,confirmed_global_exact
pitcher,22508,63342.0,confirmed_global_exact
pitcher,22524,,unanchored_no_exact_evidence
pitcher,22525,63248.0,confirmed_global_exact
pitcher,22539,63730.0,confirmed_global_exact
pitcher,22540,63765.0,confirmed_global_exact
pitcher,22541,63749.0,confirmed_global_exact
pitcher,22547,76650.0,confirmed_global_exact
pitcher,22548,62648.0,confirmed_global_exact
pitcher,22551,,unanchored_no_exact_evidence
pitcher,22575,63464.0,confirmed_global_exact
pitcher,22579,62595.0,confirmed_global_exact
pitcher,22583,78536.0,confirmed_global_exact
pitcher,22592,76118.0,confirmed_global_exact
pitcher,22595,62920.0,confirmed_global_exact
pitcher,22596,62937.0,confirmed_global_exact
pitcher,22597,62929.0,confirmed_global_exact
pitcher,22598,62951.0,confirmed_global_exact
pitcher,22615,62966.0,confirmed_global_exact
pitcher,22617,63959.0,confirmed_global_exact
pitcher,22621,63960.0,confirmed_global_exact
pitcher,22622,63914.0,confirmed_global_exact
pitcher,22624,63950.0,confirmed_global_exact
pitcher,22640,64155.0,confirmed_global_exact
pitcher,22651,64350.0,confirmed_global_exact
pitcher,22666,64760.0,confirmed_global_exact
pitcher,22667,64596.0,confirmed_global_exact
pitcher,22668,64565.0,confirmed_global_exact
pitcher,22675,64893.0,confirmed_global_exact
pitcher,22703,548384.0,confirmed_global_exact
pitcher,22708,65764.0,confirmed_global_exact
pitcher,22710,65707.0,confirmed_global_exact
pitcher,22717,65343.0,confirmed_global_exact
pitcher,22720,64001.0,confirmed_global_exact
pitcher,22721,64017.0,confirmed_global_exact
pitcher,22722,64041.0,confirmed_global_exact
pitcher,22729,,conflict_multiple_trackman_ids
pitcher,22730,65056.0,confirmed_global_exact
pitcher,22731,65057.0,confirmed_global_exact
pitcher,22734,65058.0,confirmed_global_exact
pitcher,22735,61895.0,confirmed_global_exact
pitcher,22738,63543.0,confirmed_global_exact
pitcher,22739,,unanchored_no_exact_evidence
pitcher,22741,65060.0,confirmed_global_exact
pitcher,22742,65067.0,confirmed_global_exact
pitcher,22743,65062.0,confirmed_global_exact
pitcher,22759,64021.0,confirmed_global_exact
pitcher,22761,65639.0,confirmed_global_exact
pitcher,22763,,unanchored_no_exact_evidence
pitcher,22772,77927.0,confirmed_global_exact
pitcher,22776,65042.0,confirmed_global_exact
pitcher,22782,65769.0,confirmed_global_exact
pitcher,22784,65696.0,confirmed_global_exact
pitcher,22785,65392.0,confirmed_global_exact
pitcher,22786,65661.0,confirmed_global_exact
pitcher,22795,67122.0,confirmed_global_exact
pitcher,22810,62918.0,confirmed_global_exact
pitcher,22815,,unanchored_no_exact_evidence
pitcher,22820,66145.0,confirmed_global_exact
pitcher,22821,66160.0,confirmed_global_exact
pitcher,22834,66291.0,confirmed_global_exact
pitcher,22836,64267.0,confirmed_global_exact
pitcher,22840,65241.0,confirmed_global_exact
pitcher,22842,,unanchored_no_exact_evidence
pitcher,22851,76350.0,confirmed_global_exact
pitcher,22867,66305.0,confirmed_global_exact
pitcher,22869,61396.0,confirmed_global_exact
pitcher,22870,65348.0,confirmed_global_exact
pitcher,22881,66398.0,confirmed_global_exact
pitcher,22890,65320.0,confirmed_global_exact
pitcher,22893,65514.0,confirmed_global_exact
pitcher,22899,64580.0,confirmed_global_exact
pitcher,22901,65522.0,confirmed_global_exact
pitcher,22904,66556.0,confirmed_global_exact
pitcher,22905,63512.0,confirmed_global_exact
pitcher,22908,65516.0,confirmed_global_exact
pitcher,22911,75321.0,confirmed_global_exact
pitcher,22915,72862.0,confirmed_global_exact
pitcher,22922,64047.0,confirmed_global_exact
pitcher,22923,65509.0,confirmed_global_exact
pitcher,22925,64718.0,confirmed_global_exact
pitcher,22926,66557.0,confirmed_global_exact
pitcher,22932,66630.0,confirmed_global_exact
pitcher,22933,66660.0,confirmed_global_exact
pitcher,22960,66705.0,confirmed_global_exact
pitcher,22964,66741.0,confirmed_global_exact
pitcher,22978,74167.0,confirmed_global_exact
pitcher,22985,65703.0,confirmed_global_exact
pitcher,22996,74857.0,confirmed_global_exact
pitcher,23003,,unanchored_no_exact_evidence
pitcher,23005,66492.0,confirmed_global_exact
pitcher,23023,66444.0,confirmed_global_exact
pitcher,23024,66493.0,confirmed_global_exact
pitcher,23030,66451.0,confirmed_global_exact
pitcher,23035,65933.0,confirmed_global_exact
pitcher,23041,64960.0,confirmed_global_exact
pitcher,23043,65949.0,confirmed_global_exact
pitcher,23047,64995.0,confirmed_global_exact
pitcher,23053,65064.0,confirmed_global_exact
pitcher,23054,65964.0,confirmed_global_exact
pitcher,23082,77563.0,confirmed_global_exact
pitcher,23090,73248.0,confirmed_global_exact
pitcher,23091,65702.0,confirmed_global_exact
pitcher,23092,63894.0,confirmed_global_exact
pitcher,23094,66859.0,confirmed_global_exact
pitcher,23097,65844.0,confirmed_global_exact
pitcher,23101,64896.0,confirmed_global_exact
pitcher,23105,64861.0,confirmed_global_exact
pitcher,23107,,unanchored_no_exact_evidence
pitcher,23110,62056.0,confirmed_global_exact
pitcher,23112,64768.0,confirmed_global_exact
pitcher,23115,65827.0,confirmed_global_exact
pitcher,23116,65464.0,confirmed_global_exact
pitcher,23117,61896.0,confirmed_global_exact
pitcher,23122,64759.0,confirmed_global_exact
pitcher,23137,65398.0,confirmed_global_exact
pitcher,23139,66801.0,confirmed_global_exact
pitcher,23145,66858.0,confirmed_global_exact
pitcher,23148,,unanchored_no_exact_evidence
pitcher,23150,63104.0,confirmed_global_exact
pitcher,23151,66064.0,confirmed_global_exact
pitcher,23154,64029.0,confirmed_global_exact
pitcher,23157,66047.0,confirmed_global_exact
pitcher,23158,66068.0,confirmed_global_exact
pitcher,23175,66039.0,confirmed_global_exact
pitcher,23177,66201.0,confirmed_global_exact
pitcher,23182,62294.0,confirmed_global_exact
pitcher,23190,63492.0,confirmed_global_exact
pitcher,23194,,unanchored_no_exact_evidence
pitcher,23204,573348.0,confirmed_global_exact
pitcher,23206,66920.0,confirmed_global_exact
pitcher,23225,67119.0,confirmed_global_exact
pitcher,23229,67143.0,confirmed_global_exact
pitcher,23231,67116.0,confirmed_global_exact
pitcher,23232,67164.0,confirmed_global_exact
pitcher,23235,67246.0,confirmed_global_exact
pitcher,23236,67259.0,confirmed_global_exact
pitcher,23238,67266.0,confirmed_global_exact
pitcher,23240,67260.0,confirmed_global_exact
pitcher,23257,67954.0,confirmed_global_exact
pitcher,23258,67956.0,confirmed_global_exact
pitcher,23260,67962.0,confirmed_global_exact
pitcher,23262,,unanchored_no_exact_evidence
pitcher,23267,67989.0,confirmed_global_exact
pitcher,23284,67365.0,confirmed_global_exact
pitcher,23286,67360.0,confirmed_global_exact
pitcher,23288,67391.0,confirmed_global_exact
pitcher,23289,64051.0,confirmed_global_exact
pitcher,23293,67646.0,confirmed_global_exact
pitcher,23294,67640.0,confirmed_global_exact
pitcher,23302,67604.0,confirmed_global_exact
pitcher,23305,,unanchored_no_exact_evidence
pitcher,23306,65616.0,confirmed_global_exact
pitcher,23307,67603.0,confirmed_global_exact
pitcher,23312,67828.0,confirmed_global_exact
pitcher,23314,67863.0,confirmed_global_exact
pitcher,23324,,unanchored_no_exact_evidence
pitcher,23331,67768.0,confirmed_global_exact
pitcher,23332,67762.0,confirmed_global_exact
pitcher,23334,67737.0,confirmed_global_exact
pitcher,23336,67711.0,confirmed_global_exact
pitcher,23342,67591.0,confirmed_global_exact
pitcher,23343,67588.0,confirmed_global_exact
pitcher,23347,67539.0,confirmed_global_exact
pitcher,23348,493193.0,confirmed_global_exact
pitcher,23349,,unanchored_no_exact_evidence
pitcher,23352,,unanchored_no_exact_evidence
pitcher,23360,64464.0,confirmed_global_exact
pitcher,23361,67467.0,confirmed_global_exact
pitcher,23362,67443.0,confirmed_global_exact
pitcher,23363,67421.0,confirmed_global_exact
pitcher,23366,67454.0,confirmed_global_exact
pitcher,23369,67419.0,confirmed_global_exact
pitcher,23383,67048.0,confirmed_global_exact
pitcher,23384,67066.0,confirmed_global_exact
pitcher,23385,67045.0,confirmed_global_exact
pitcher,23411,502010.0,confirmed_global_exact
pitcher,23414,67703.0,confirmed_global_exact
pitcher,23415,458676.0,confirmed_global_exact
pitcher,23418,65109.0,confirmed_global_exact
pitcher,23421,68130.0,confirmed_global_exact
pitcher,23422,68135.0,confirmed_global_exact
pitcher,23423,68157.0,confirmed_global_exact
pitcher,23424,68159.0,confirmed_global_exact
pitcher,23426,65117.0,confirmed_global_exact
pitcher,23428,68107.0,confirmed_global_exact
pitcher,23429,68109.0,confirmed_global_exact
pitcher,23431,,unanchored_no_exact_evidence
pitcher,23437,,conflict_multiple_trackman_ids
pitcher,23439,61268.0,confirmed_global_exact
pitcher,23440,68341.0,confirmed_global_exact
pitcher,23444,,unanchored_no_exact_evidence
pitcher,23446,,unanchored_no_exact_evidence
pitcher,23447,,unanchored_no_exact_evidence
pitcher,23449,,unanchored_no_exact_evidence
pitcher,23455,68556.0,confirmed_global_exact
pitcher,23458,68529.0,confirmed_global_exact
pitcher,23459,68585.0,confirmed_global_exact
pitcher,23461,68589.0,confirmed_global_exact
pitcher,23462,68501.0,confirmed_global_exact
pitcher,23475,68036.0,confirmed_global_exact
pitcher,23476,68050.0,confirmed_global_exact
pitcher,23478,68043.0,confirmed_global_exact
pitcher,23479,,unanchored_no_exact_evidence
pitcher,23484,68092.0,confirmed_global_exact
pitcher,23485,68093.0,confirmed_global_exact
pitcher,23487,68096.0,confirmed_global_exact
pitcher,23488,68097.0,confirmed_global_exact
pitcher,23491,,unanchored_no_exact_evidence
pitcher,23496,63628.0,confirmed_global_exact
pitcher,23497,68616.0,confirmed_global_exact
pitcher,23498,64615.0,confirmed_global_exact
pitcher,23499,65618.0,confirmed_global_exact
pitcher,23500,68659.0,confirmed_global_exact
pitcher,23501,68639.0,confirmed_global_exact
pitcher,23502,,unanchored_no_exact_evidence
pitcher,23504,68619.0,confirmed_global_exact
pitcher,23512,65496.0,confirmed_global_exact
pitcher,23513,68415.0,confirmed_global_exact
pitcher,23514,68454.0,confirmed_global_exact
pitcher,23515,68403.0,confirmed_global_exact
pitcher,23516,68406.0,confirmed_global_exact
pitcher,23518,68419.0,confirmed_global_exact
pitcher,23519,68413.0,confirmed_global_exact
pitcher,23520,68409.0,confirmed_global_exact
pitcher,23532,68830.0,confirmed_global_exact
pitcher,23534,68815.0,confirmed_global_exact
pitcher,23535,68801.0,confirmed_global_exact
pitcher,23536,64805.0,confirmed_global_exact
pitcher,23537,,unanchored_no_exact_evidence
pitcher,23538,68848.0,confirmed_global_exact
pitcher,23540,68856.0,confirmed_global_exact
pitcher,23542,68896.0,confirmed_global_exact
pitcher,23554,63292.0,confirmed_global_exact
pitcher,23555,68220.0,confirmed_global_exact
pitcher,23556,61962.0,confirmed_global_exact
pitcher,23557,68240.0,confirmed_global_exact
pitcher,23558,68242.0,confirmed_global_exact
pitcher,23560,68260.0,confirmed_global_exact
pitcher,23561,67263.0,confirmed_global_exact
pitcher,23564,68269.0,confirmed_global_exact
pitcher,23565,68200.0,confirmed_global_exact
pitcher,23567,68797.0,confirmed_global_exact
pitcher,23568,68703.0,confirmed_global_exact
pitcher,23574,68701.0,confirmed_global_exact
pitcher,23575,,unanchored_no_exact_evidence
pitcher,23589,,conflict_multiple_trackman_ids
pitcher,23590,68900.0,confirmed_global_exact
pitcher,23591,68908.0,confirmed_global_exact
pitcher,23593,68902.0,confirmed_global_exact
pitcher,23596,63936.0,confirmed_global_exact
pitcher,23597,63961.0,confirmed_global_exact
pitcher,23598,,unanchored_no_exact_evidence
pitcher,23599,68910.0,confirmed_global_exact
pitcher,23600,65937.0,confirmed_global_exact
pitcher,23614,65643.0,confirmed_global_exact
pitcher,23615,68453.0,confirmed_global_exact
pitcher,23617,68249.0,confirmed_global_exact
pitcher,23618,64198.0,confirmed_global_exact
pitcher,23624,68201.0,confirmed_global_exact
pitcher,23627,,conflict_multiple_trackman_ids
pitcher,23628,61295.0,confirmed_global_exact
pitcher,23630,66609.0,confirmed_global_exact
pitcher,23631,63991.0,confirmed_global_exact
pitcher,23632,63638.0,confirmed_global_exact
pitcher,23633,543391.0,confirmed_global_exact
pitcher,23634,69134.0,confirmed_global_exact
pitcher,23636,69158.0,confirmed_global_exact
pitcher,23637,69159.0,confirmed_global_exact
pitcher,23638,69168.0,confirmed_global_exact
pitcher,23640,69104.0,confirmed_global_exact
pitcher,23642,69108.0,confirmed_global_exact
pitcher,23643,69111.0,confirmed_global_exact
pitcher,23644,69113.0,confirmed_global_exact
pitcher,23648,66663.0,confirmed_global_exact
pitcher,23650,69620.0,confirmed_global_exact
pitcher,23651,545363.0,confirmed_global_exact
pitcher,23652,69643.0,confirmed_global_exact
pitcher,23653,69645.0,confirmed_global_exact
pitcher,23654,69646.0,confirmed_global_exact
pitcher,23655,69656.0,confirmed_global_exact
pitcher,23659,,unanchored_no_exact_evidence
pitcher,23660,,unanchored_no_exact_evidence
pitcher,23665,65665.0,confirmed_global_exact
pitcher,23667,,unanchored_no_exact_evidence
pitcher,23670,,unanchored_no_exact_evidence
pitcher,23672,69539.0,confirmed_global_exact
pitcher,23673,69550.0,confirmed_global_exact
pitcher,23676,69594.0,confirmed_global_exact
pitcher,23680,69507.0,confirmed_global_exact
pitcher,23682,,unanchored_no_exact_evidence
pitcher,23684,69516.0,confirmed_global_exact
pitcher,23689,64554.0,confirmed_global_exact
pitcher,23690,63791.0,confirmed_global_exact
pitcher,23693,69737.0,confirmed_global_exact
pitcher,23694,599683.0,confirmed_global_exact
pitcher,23695,69745.0,confirmed_global_exact
pitcher,23696,518445.0,confirmed_global_exact
pitcher,23697,69762.0,confirmed_global_exact
pitcher,23699,69767.0,confirmed_global_exact
pitcher,23703,69703.0,confirmed_global_exact
pitcher,23708,,unanchored_no_exact_evidence
pitcher,23713,69413.0,confirmed_global_exact
pitcher,23714,64769.0,confirmed_global_exact
pitcher,23717,69435.0,confirmed_global_exact
pitcher,23719,69446.0,confirmed_global_exact
pitcher,23721,,unanchored_no_exact_evidence
pitcher,23727,68207.0,confirmed_global_exact
pitcher,23729,68209.0,confirmed_global_exact
pitcher,23731,69213.0,confirmed_global_exact
pitcher,23736,69204.0,confirmed_global_exact
pitcher,23737,69205.0,confirmed_global_exact
pitcher,23738,69206.0,confirmed_global_exact
pitcher,23740,69208.0,confirmed_global_exact
pitcher,23743,69211.0,confirmed_global_exact
pitcher,23745,518852.0,confirmed_global_exact
pitcher,23747,69328.0,confirmed_global_exact
pitcher,23748,69399.0,confirmed_global_exact
pitcher,23749,69360.0,confirmed_global_exact
pitcher,23751,69367.0,confirmed_global_exact
pitcher,23754,,unanchored_no_exact_evidence
pitcher,23758,621245.0,confirmed_global_exact
pitcher,23759,69813.0,confirmed_global_exact
pitcher,23761,69839.0,confirmed_global_exact
pitcher,23762,65897.0,confirmed_global_exact
pitcher,23763,69860.0,confirmed_global_exact
pitcher,23764,,unanchored_no_exact_evidence
pitcher,23765,,unanchored_no_exact_evidence
pitcher,23766,69934.0,confirmed_global_exact
pitcher,23767,69940.0,confirmed_global_exact
pitcher,23769,69962.0,confirmed_global_exact
pitcher,23771,69969.0,confirmed_global_exact
pitcher,23772,69974.0,confirmed_global_exact
pitcher,23775,69991.0,confirmed_global_exact
pitcher,23777,,unanchored_no_exact_evidence
pitcher,23779,69996.0,confirmed_global_exact
pitcher,23781,593417.0,confirmed_global_exact
pitcher,23782,571035.0,confirmed_global_exact
pitcher,23783,69047.0,confirmed_global_exact
pitcher,23784,534648.0,confirmed_global_exact
pitcher,23785,,unanchored_no_exact_evidence
pitcher,23786,69041.0,confirmed_global_exact
pitcher,23787,69054.0,confirmed_global_exact
pitcher,23790,69068.0,confirmed_global_exact
pitcher,23794,,unanchored_no_exact_evidence
pitcher,23819,,unanchored_no_exact_evidence
pitcher,23843,543184.0,confirmed_global_exact
pitcher,23848,75421.0,confirmed_global_exact
pitcher,23849,594902.0,confirmed_global_exact
pitcher,23850,,conflict_reverse_multiple_train_ids
pitcher,23852,50126.0,confirmed_global_exact
pitcher,23853,50157.0,confirmed_global_exact
pitcher,23856,50105.0,confirmed_global_exact
pitcher,23857,50106.0,confirmed_global_exact
pitcher,23858,50107.0,confirmed_global_exact
pitcher,23860,50109.0,confirmed_global_exact
pitcher,23863,50114.0,confirmed_global_exact
pitcher,23866,69803.0,confirmed_global_exact
pitcher,23867,69801.0,confirmed_global_exact
pitcher,23868,50430.0,confirmed_global_exact
pitcher,23869,50441.0,confirmed_global_exact
pitcher,23870,50449.0,confirmed_global_exact
pitcher,23871,50464.0,confirmed_global_exact
pitcher,23872,50411.0,confirmed_global_exact
pitcher,23873,,unanchored_no_exact_evidence
pitcher,23874,50412.0,confirmed_global_exact
pitcher,23879,64498.0,confirmed_global_exact
pitcher,23880,571527.0,confirmed_global_exact
pitcher,23884,50573.0,confirmed_global_exact
pitcher,23885,,unanchored_no_exact_evidence
pitcher,23886,50592.0,confirmed_global_exact
pitcher,23887,50563.0,confirmed_global_exact
pitcher,23893,50556.0,confirmed_global_exact
pitcher,23895,50596.0,confirmed_global_exact
pitcher,23897,573185.0,confirmed_global_exact
pitcher,23898,592716.0,confirmed_global_exact
pitcher,23902,65411.0,confirmed_global_exact
pitcher,23903,50859.0,confirmed_global_exact
pitcher,23904,50812.0,confirmed_global_exact
pitcher,23908,50811.0,confirmed_global_exact
pitcher,23909,50813.0,confirmed_global_exact
pitcher,23910,,unanchored_no_exact_evidence
pitcher,23912,50818.0,confirmed_global_exact
pitcher,23914,620982.0,confirmed_global_exact
pitcher,23915,592468.0,confirmed_global_exact
pitcher,23916,543193.0,confirmed_global_exact
pitcher,23917,605156.0,confirmed_global_exact
pitcher,23920,50622.0,confirmed_global_exact
pitcher,23921,50604.0,confirmed_global_exact
pitcher,23922,,unanchored_no_exact_evidence
pitcher,23923,50641.0,confirmed_global_exact
pitcher,23927,50650.0,confirmed_global_exact
pitcher,23929,50662.0,confirmed_global_exact
pitcher,23930,50720.0,confirmed_global_exact
pitcher,23931,50758.0,confirmed_global_exact
pitcher,23932,50726.0,confirmed_global_exact
pitcher,23933,50710.0,confirmed_global_exact
pitcher,23934,50711.0,confirmed_global_exact
pitcher,23935,50705.0,confirmed_global_exact
pitcher,23936,50712.0,confirmed_global_exact
pitcher,23942,50706.0,confirmed_global_exact
pitcher,23943,,unanchored_no_exact_evidence
pitcher,23944,623167.0,confirmed_global_exact
pitcher,23947,50262.0,confirmed_global_exact
pitcher,23950,,unanchored_no_exact_evidence
pitcher,23951,50296.0,confirmed_global_exact
pitcher,23952,50298.0,confirmed_global_exact
pitcher,23953,50203.0,confirmed_global_exact
pitcher,23954,50205.0,confirmed_global_exact
pitcher,23955,50206.0,confirmed_global_exact
pitcher,23959,50211.0,confirmed_global_exact
pitcher,23962,605541.0,confirmed_global_exact
pitcher,23963,50992.0,confirmed_global_exact
pitcher,23964,50995.0,confirmed_global_exact
pitcher,23966,50901.0,confirmed_global_exact
pitcher,23967,50900.0,confirmed_global_exact
pitcher,23968,50905.0,confirmed_global_exact
pitcher,23972,50904.0,confirmed_global_exact
pitcher,23977,50354.0,confirmed_global_exact
pitcher,23979,50360.0,confirmed_global_exact
pitcher,23982,50393.0,confirmed_global_exact
pitcher,23983,,unanchored_no_exact_evidence
pitcher,23984,,unanchored_no_exact_evidence
pitcher,23985,50397.0,confirmed_global_exact
pitcher,23987,628333.0,confirmed_global_exact
pitcher,23988,50030.0,confirmed_global_exact
pitcher,23991,50036.0,confirmed_global_exact
pitcher,24011,51154.0,confirmed_global_exact
pitcher,24012,51163.0,confirmed_global_exact
pitcher,24013,51110.0,confirmed_global_exact
pitcher,24015,51104.0,confirmed_global_exact
pitcher,24017,51109.0,confirmed_global_exact
pitcher,24018,51111.0,confirmed_global_exact
pitcher,24020,51143.0,confirmed_global_exact
pitcher,24021,605498.0,confirmed_global_exact
pitcher,24026,51058.0,confirmed_global_exact
pitcher,24027,51060.0,confirmed_global_exact
pitcher,24028,51097.0,confirmed_global_exact
pitcher,24036,,unanchored_no_exact_evidence
pitcher,24038,51516.0,confirmed_global_exact
pitcher,24039,51586.0,confirmed_global_exact
pitcher,24042,,conflict_reverse_multiple_train_ids
pitcher,24043,575070.0,confirmed_global_exact
pitcher,24044,51526.0,confirmed_global_exact
pitcher,24045,51592.0,confirmed_global_exact
pitcher,24047,51546.0,confirmed_global_exact
pitcher,24048,51564.0,confirmed_global_exact
pitcher,24051,51867.0,confirmed_global_exact
pitcher,24052,592499.0,confirmed_global_exact
pitcher,24053,521655.0,confirmed_global_exact
pitcher,24055,51897.0,confirmed_global_exact
pitcher,24056,51895.0,confirmed_global_exact
pitcher,24059,51809.0,confirmed_global_exact
pitcher,24063,51454.0,confirmed_global_exact
pitcher,24064,51460.0,confirmed_global_exact
pitcher,24065,51462.0,confirmed_global_exact
pitcher,24069,51408.0,confirmed_global_exact
pitcher,24073,51411.0,confirmed_global_exact
pitcher,24076,51948.0,confirmed_global_exact
pitcher,24078,51994.0,confirmed_global_exact
pitcher,24084,51901.0,confirmed_global_exact
pitcher,24085,641149.0,confirmed_global_exact
pitcher,24086,51359.0,confirmed_global_exact
pitcher,24088,51393.0,confirmed_global_exact
pitcher,24089,51301.0,confirmed_global_exact
pitcher,24094,51306.0,confirmed_global_exact
pitcher,24097,595001.0,confirmed_global_exact
pitcher,24099,51230.0,confirmed_global_exact
pitcher,24100,51264.0,confirmed_global_exact
pitcher,24102,51294.0,confirmed_global_exact
pitcher,24104,,unanchored_no_exact_evidence
pitcher,24105,,unanchored_no_exact_evidence
pitcher,24107,51299.0,confirmed_global_exact
pitcher,24109,664641.0,confirmed_global_exact
pitcher,24110,621141.0,confirmed_global_exact
pitcher,24112,51204.0,confirmed_global_exact
pitcher,24113,51202.0,confirmed_global_exact
pitcher,24115,51648.0,confirmed_global_exact
pitcher,24116,,unanchored_no_exact_evidence
pitcher,24117,51665.0,confirmed_global_exact
pitcher,24118,51668.0,confirmed_global_exact
pitcher,24126,596043.0,confirmed_global_exact
pitcher,24129,51715.0,confirmed_global_exact
pitcher,24131,,unanchored_no_exact_evidence
pitcher,24133,51761.0,confirmed_global_exact
pitcher,24135,,unanchored_no_exact_evidence
pitcher,24136,51713.0,confirmed_global_exact
pitcher,24140,543001.0,confirmed_global_exact
pitcher,24146,543557.0,confirmed_global_exact
pitcher,24147,543208.0,confirmed_global_exact
pitcher,24151,649963.0,confirmed_global_exact
pitcher,24152,52149.0,confirmed_global_exact
pitcher,24153,52140.0,confirmed_global_exact
pitcher,24154,52163.0,confirmed_global_exact
pitcher,24156,52168.0,confirmed_global_exact
pitcher,24157,52119.0,confirmed_global_exact
pitcher,24161,52123.0,confirmed_global_exact
pitcher,24164,592644.0,confirmed_global_exact
pitcher,24165,52867.0,confirmed_global_exact
pitcher,24166,52873.0,confirmed_global_exact
pitcher,24167,52844.0,confirmed_global_exact
pitcher,24168,,unanchored_no_exact_evidence
pitcher,24169,52868.0,confirmed_global_exact
pitcher,24170,52895.0,confirmed_global_exact
pitcher,24172,,unanchored_no_exact_evidence
pitcher,24173,52809.0,confirmed_global_exact
pitcher,24178,52330.0,confirmed_global_exact
pitcher,24179,52394.0,confirmed_global_exact
pitcher,24181,52391.0,confirmed_global_exact
pitcher,24183,52395.0,confirmed_global_exact
pitcher,24184,52396.0,confirmed_global_exact
pitcher,24185,52397.0,confirmed_global_exact
pitcher,24193,621169.0,confirmed_global_exact
pitcher,24197,52994.0,confirmed_global_exact
pitcher,24198,,unanchored_no_exact_evidence
pitcher,24201,52902.0,confirmed_global_exact
pitcher,24202,52901.0,confirmed_global_exact
pitcher,24203,52905.0,confirmed_global_exact
pitcher,24205,52903.0,confirmed_global_exact
pitcher,24209,52530.0,confirmed_global_exact
pitcher,24211,52558.0,confirmed_global_exact
pitcher,24213,,unanchored_no_exact_evidence
pitcher,24222,656212.0,confirmed_global_exact
pitcher,24223,642098.0,confirmed_global_exact
pitcher,24224,52204.0,confirmed_global_exact
pitcher,24226,52295.0,confirmed_global_exact
pitcher,24229,,unanchored_no_exact_evidence
pitcher,24234,52206.0,confirmed_global_exact
pitcher,24237,476594.0,confirmed_global_exact
pitcher,24239,467100.0,confirmed_global_exact
pitcher,24240,52701.0,confirmed_global_exact
pitcher,24241,52731.0,confirmed_global_exact
pitcher,24244,52702.0,confirmed_global_exact
pitcher,24246,,unanchored_no_exact_evidence
pitcher,24247,52714.0,confirmed_global_exact
pitcher,24248,52715.0,confirmed_global_exact
pitcher,24252,52060.0,confirmed_global_exact
pitcher,24253,52063.0,confirmed_global_exact
pitcher,24254,52065.0,confirmed_global_exact
pitcher,24258,52007.0,confirmed_global_exact
pitcher,24259,52003.0,confirmed_global_exact
pitcher,24262,52005.0,confirmed_global_exact
pitcher,24265,52639.0,confirmed_global_exact
pitcher,24267,,unanchored_no_exact_evidence
pitcher,24268,52661.0,confirmed_global_exact
pitcher,24269,543594.0,confirmed_global_exact
pitcher,24271,657122.0,confirmed_global_exact
pitcher,24276,52440.0,confirmed_global_exact
pitcher,24277,52460.0,confirmed_global_exact
pitcher,24281,,unanchored_no_exact_evidence
pitcher,24283,544150.0,confirmed_global_exact
pitcher,24286,52641.0,confirmed_global_exact
pitcher,24293,,unanchored_no_exact_evidence
pitcher,24300,605138.0,confirmed_global_exact
pitcher,24303,606162.0,confirmed_global_exact
pitcher,24305,570240.0,confirmed_global_exact
pitcher,24306,623381.0,confirmed_global_exact
pitcher,24307,596049.0,confirmed_global_exact
pitcher,24310,663399.0,confirmed_global_exact
pitcher,24311,,unanchored_no_exact_evidence
pitcher,24313,571616.0,confirmed_global_exact
pitcher,24314,53919.0,confirmed_global_exact
pitcher,24317,53973.0,confirmed_global_exact
pitcher,24319,53996.0,confirmed_global_exact
pitcher,24327,607200.0,confirmed_global_exact
pitcher,24328,53259.0,confirmed_global_exact
pitcher,24329,53262.0,confirmed_global_exact
pitcher,24333,53297.0,confirmed_global_exact
pitcher,24334,53298.0,confirmed_global_exact
pitcher,24338,,unanchored_no_exact_evidence
pitcher,24339,,unanchored_no_exact_evidence
pitcher,24340,668766.0,confirmed_global_exact
pitcher,24343,53164.0,confirmed_global_exact
pitcher,24344,53139.0,confirmed_global_exact
pitcher,24346,,unanchored_no_exact_evidence
pitcher,24349,53102.0,confirmed_global_exact
pitcher,24355,53754.0,confirmed_global_exact
pitcher,24358,,unanchored_no_exact_evidence
pitcher,24369,53711.0,confirmed_global_exact
pitcher,24370,,unanchored_no_exact_evidence
pitcher,24373,53562.0,confirmed_global_exact
pitcher,24374,,unanchored_no_exact_evidence
pitcher,24376,53594.0,confirmed_global_exact
pitcher,24377,53560.0,confirmed_global_exact
pitcher,24380,53596.0,confirmed_global_exact
pitcher,24387,658431.0,confirmed_global_exact
pitcher,24388,641312.0,confirmed_global_exact
pitcher,24389,53613.0,confirmed_global_exact
pitcher,24390,,unanchored_no_exact_evidence
pitcher,24391,,unanchored_no_exact_evidence
pitcher,24392,53609.0,confirmed_global_exact
pitcher,24394,,unanchored_no_exact_evidence
pitcher,24398,53312.0,confirmed_global_exact
pitcher,24399,53300.0,confirmed_global_exact
pitcher,24401,53301.0,confirmed_global_exact
pitcher,24410,642558.0,confirmed_global_exact
pitcher,24411,53455.0,confirmed_global_exact
pitcher,24412,53469.0,confirmed_global_exact
pitcher,24420,53409.0,confirmed_global_exact
pitcher,24423,642203.0,confirmed_global_exact
pitcher,24424,676641.0,confirmed_global_exact
pitcher,24425,53029.0,confirmed_global_exact
pitcher,24433,,unanchored_no_exact_evidence
pitcher,24434,53006.0,confirmed_global_exact
pitcher,24440,668948.0,confirmed_global_exact
pitcher,24444,53892.0,confirmed_global_exact
pitcher,24446,53897.0,confirmed_global_exact
pitcher,24447,53898.0,confirmed_global_exact
pitcher,24449,,unanchored_no_exact_evidence
pitcher,24450,53806.0,confirmed_global_exact
pitcher,24451,,unanchored_no_exact_evidence
pitcher,24452,53809.0,confirmed_global_exact
pitcher,24459,645307.0,confirmed_global_exact
pitcher,24460,606273.0,confirmed_global_exact
pitcher,24461,641855.0,confirmed_global_exact
pitcher,24463,532936.0,confirmed_global_exact
pitcher,24465,658792.0,confirmed_global_exact
pitcher,24467,668684.0,confirmed_global_exact
pitcher,24469,54561.0,confirmed_global_exact
pitcher,24477,54503.0,confirmed_global_exact
pitcher,24478,54504.0,confirmed_global_exact
pitcher,24482,54537.0,confirmed_global_exact
pitcher,24483,608650.0,confirmed_global_exact
pitcher,24484,683412.0,confirmed_global_exact
pitcher,24485,54149.0,confirmed_global_exact
pitcher,24486,54103.0,confirmed_global_exact
pitcher,24487,54104.0,confirmed_global_exact
pitcher,24488,54105.0,confirmed_global_exact
pitcher,24494,667498.0,confirmed_global_exact
pitcher,24498,54802.0,confirmed_global_exact
pitcher,24499,54803.0,confirmed_global_exact
pitcher,24502,54807.0,confirmed_global_exact
pitcher,24508,641447.0,confirmed_global_exact
pitcher,24509,606996.0,confirmed_global_exact
pitcher,24512,54900.0,confirmed_global_exact
pitcher,24515,54903.0,confirmed_global_exact
pitcher,24516,54904.0,confirmed_global_exact
pitcher,24518,54906.0,confirmed_global_exact
pitcher,24525,54913.0,confirmed_global_exact
pitcher,24527,54263.0,confirmed_global_exact
pitcher,24531,54213.0,confirmed_global_exact
pitcher,24533,54215.0,confirmed_global_exact
pitcher,24535,,unanchored_no_exact_evidence
pitcher,24537,54404.0,confirmed_global_exact
pitcher,24540,660593.0,confirmed_global_exact
pitcher,24541,657756.0,confirmed_global_exact
pitcher,24544,54729.0,confirmed_global_exact
pitcher,24546,54768.0,confirmed_global_exact
pitcher,24552,54705.0,confirmed_global_exact
pitcher,24557,,unanchored_no_exact_evidence
pitcher,24559,640444.0,confirmed_global_exact
pitcher,24560,664942.0,confirmed_global_exact
pitcher,24564,,unanchored_no_exact_evidence
pitcher,24565,,unanchored_no_exact_evidence
pitcher,24566,54608.0,confirmed_global_exact
pitcher,24568,54319.0,confirmed_global_exact
pitcher,24570,646241.0,confirmed_global_exact
pitcher,24571,54362.0,confirmed_global_exact
pitcher,24572,54363.0,confirmed_global_exact
pitcher,24573,54368.0,confirmed_global_exact
pitcher,24577,54302.0,confirmed_global_exact
pitcher,24579,54304.0,confirmed_global_exact
pitcher,24580,54350.0,confirmed_global_exact
pitcher,24585,54505.0,confirmed_global_exact
pitcher,24587,,unanchored_no_exact_evidence
pitcher,24591,54406.0,confirmed_global_exact
pitcher,24596,54401.0,confirmed_global_exact
pitcher,24597,54403.0,confirmed_global_exact
pitcher,24598,,unanchored_no_exact_evidence
pitcher,24602,,unanchored_no_exact_evidence
pitcher,24604,547943.0,confirmed_global_exact
pitcher,24605,54221.0,confirmed_global_exact
pitcher,24607,54063.0,confirmed_global_exact
pitcher,24608,54064.0,confirmed_global_exact
pitcher,24609,,unanchored_no_exact_evidence
pitcher,24618,,unanchored_no_exact_evidence
pitcher,24619,623454.0,confirmed_global_exact
pitcher,24621,54014.0,confirmed_global_exact
pitcher,24622,54843.0,confirmed_global_exact
pitcher,24623,642545.0,confirmed_global_exact
pitcher,24624,682027.0,confirmed_global_exact
pitcher,24625,,unanchored_no_exact_evidence
pitcher,24626,680802.0,confirmed_global_exact
pitcher,24627,666364.0,confirmed_global_exact
pitcher,24629,622694.0,confirmed_global_exact
pitcher,24631,641778.0,confirmed_global_exact
pitcher,24633,657770.0,confirmed_global_exact
